AID,PUBCHEM_SID,PUBCHEM_CID,PUBCHEM_ACTIVITY_OUTCOME,PUBCHEM_ACTIVITY_SCORE,activity_added,PubChem Standard Value,Standard Type,Standard Relation,Standard Value,IC50 (mm),Selectivity,Inhibition (%),Ki (mm),Kd (mm),Activity (%),Standard Units,Activity Comment,target_name,Data Validity Comment,pKd_min,pKd_max,pIC50_min,pIC50_max,Type,Action,Reference (PubMed ID),IC50,Target Accession(s),Ligand,Target,IC50 Qualifier,Enzyme Activity [1],Enzyme Activity [2],Average Enzyme Activity,Panel ID,Panel Name,Panel Target,%Inhibition,High Concentration (5 x IC50),Low Concentration (IC50 / 2),Qualifier,% Degradation,Kd Qualifier,Kd,qualifier,pKi,Activity Qualifier,EC50 Qualifier,EC50
493040,103904316,49830361,Inactive,,unknown,,,,,0.0,0.0,0.0,0.0,0.0,0.0,,,need to check,,,,,,,,,,,,,,,,,70.0,ERBB2,2064,,,,,,,,<,5.8,,,
493040,103904320,49830364,Inactive,,unknown,,,,,0.0,0.0,0.0,0.0,0.0,0.0,,,need to check,,,,,,,,,,,,,,,,,70.0,ERBB2,2064,,,,,,,,<,5.8,,,
493040,103904330,49830368,Inactive,,unknown,,,,,0.0,0.0,0.0,0.0,0.0,0.0,,,need to check,,,,,,,,,,,,,,,,,70.0,ERBB2,2064,,,,,,,,<,5.8,,,
493040,103904331,49830369,Inactive,,unknown,,,,,0.0,0.0,0.0,0.0,0.0,0.0,,,need to check,,,,,,,,,,,,,,,,,70.0,ERBB2,2064,,,,,,,,<,5.8,,,
493040,103904334,49830370,Inactive,,unknown,,,,,0.0,0.0,0.0,0.0,0.0,0.0,,,need to check,,,,,,,,,,,,,,,,,70.0,ERBB2,2064,,,,,,,,<,5.8,,,
493040,103904349,49830375,Inactive,,unknown,,,,,0.0,0.0,0.0,0.0,0.0,0.0,,,need to check,,,,,,,,,,,,,,,,,70.0,ERBB2,2064,,,,,,,,<,5.8,,,
493040,103904352,49830377,Inactive,,unknown,,,,,0.0,0.0,0.0,0.0,0.0,0.0,,,need to check,,,,,,,,,,,,,,,,,70.0,ERBB2,2064,,,,,,,,<,5.8,,,
493040,103904353,49830378,Inactive,,unknown,,,,,0.0,0.0,0.0,0.0,0.0,0.0,,,need to check,,,,,,,,,,,,,,,,,70.0,ERBB2,2064,,,,,,,,<,5.8,,,
493040,103904356,49830379,Inactive,,unknown,,,,,0.0,0.0,0.0,0.0,0.0,0.0,,,need to check,,,,,,,,,,,,,,,,,70.0,ERBB2,2064,,,,,,,,<,5.8,,,
493040,103904361,49830381,Inactive,,unknown,,,,,0.0,0.0,0.0,0.0,0.0,0.0,,,need to check,,,,,,,,,,,,,,,,,70.0,ERBB2,2064,,,,,,,,<,5.8,,,
493040,103904363,49830382,Inactive,,unknown,,,,,0.0,0.0,0.0,0.0,0.0,0.0,,,need to check,,,,,,,,,,,,,,,,,70.0,ERBB2,2064,,,,,,,,<,5.8,,,
493040,103904364,49830383,Inactive,,unknown,,,,,0.0,0.0,0.0,0.0,0.0,0.0,,,need to check,,,,,,,,,,,,,,,,,70.0,ERBB2,2064,,,,,,,,<,5.8,,,
493040,103904371,49830384,Inactive,,unknown,,,,,0.0,0.0,0.0,0.0,0.0,0.0,,,need to check,,,,,,,,,,,,,,,,,70.0,ERBB2,2064,,,,,,,,<,5.8,,,
493040,103904379,49830386,Inactive,,unknown,,,,,0.0,0.0,0.0,0.0,0.0,0.0,,,need to check,,,,,,,,,,,,,,,,,70.0,ERBB2,2064,,,,,,,,<,5.8,,,
493040,103904383,49830387,Inactive,,unknown,,,,,0.0,0.0,0.0,0.0,0.0,0.0,,,need to check,,,,,,,,,,,,,,,,,70.0,ERBB2,2064,,,,,,,,<,5.8,,,
493040,103904384,49830388,Inactive,,unknown,,,,,0.0,0.0,0.0,0.0,0.0,0.0,,,need to check,,,,,,,,,,,,,,,,,70.0,ERBB2,2064,,,,,,,,<,5.8,,,
493040,103904358,49830380,Inactive,,unknown,,,,,0.0,0.0,0.0,0.0,0.0,0.0,,,need to check,,,,,,,,,,,,,,,,,70.0,ERBB2,2064,,,,,,,,<,5.8,,,
493040,103904313,49830358,Inactive,,unknown,,,,,0.0,0.0,0.0,0.0,0.0,0.0,,,need to check,,,,,,,,,,,,,,,,,70.0,ERBB2,2064,,,,,,,,<,5.8,,,
493040,103904196,49830278,Inactive,,unknown,,,,,0.0,0.0,0.0,0.0,0.0,0.0,,,need to check,,,,,,,,,,,,,,,,,70.0,ERBB2,2064,,,,,,,,<,5.8,,,
493040,103904197,49830279,Inactive,,unknown,,,,,0.0,0.0,0.0,0.0,0.0,0.0,,,need to check,,,,,,,,,,,,,,,,,70.0,ERBB2,2064,,,,,,,,<,5.8,,,
493040,103904202,49830281,Inactive,,unknown,,,,,0.0,0.0,0.0,0.0,0.0,0.0,,,need to check,,,,,,,,,,,,,,,,,70.0,ERBB2,2064,,,,,,,,<,5.8,,,
493040,103904204,49830282,Inactive,,unknown,,,,,0.0,0.0,0.0,0.0,0.0,0.0,,,need to check,,,,,,,,,,,,,,,,,70.0,ERBB2,2064,,,,,,,,<,5.8,,,
493040,103904206,49830283,Inactive,,unknown,,,,,0.0,0.0,0.0,0.0,0.0,0.0,,,need to check,,,,,,,,,,,,,,,,,70.0,ERBB2,2064,,,,,,,,<,5.8,,,
493040,103904209,49830286,Inactive,,unknown,,,,,0.0,0.0,0.0,0.0,0.0,0.0,,,need to check,,,,,,,,,,,,,,,,,70.0,ERBB2,2064,,,,,,,,<,5.8,,,
493040,103904210,49830287,Inactive,,unknown,,,,,0.0,0.0,0.0,0.0,0.0,0.0,,,need to check,,,,,,,,,,,,,,,,,70.0,ERBB2,2064,,,,,,,,<,5.8,,,
493040,103904211,49830288,Inactive,,unknown,,,,,0.0,0.0,0.0,0.0,0.0,0.0,,,need to check,,,,,,,,,,,,,,,,,70.0,ERBB2,2064,,,,,,,,<,5.8,,,
493040,103904212,49830289,Inactive,,unknown,,,,,0.0,0.0,0.0,0.0,0.0,0.0,,,need to check,,,,,,,,,,,,,,,,,70.0,ERBB2,2064,,,,,,,,<,5.8,,,
493040,103904214,49830291,Inactive,,unknown,,,,,0.0,0.0,0.0,0.0,0.0,0.0,,,need to check,,,,,,,,,,,,,,,,,70.0,ERBB2,2064,,,,,,,,<,5.8,,,
493040,103904215,49830292,Inactive,,unknown,,,,,0.0,0.0,0.0,0.0,0.0,0.0,,,need to check,,,,,,,,,,,,,,,,,70.0,ERBB2,2064,,,,,,,,<,5.8,,,
493040,103904283,49830348,Inactive,,unknown,,,,,0.0,0.0,0.0,0.0,0.0,0.0,,,need to check,,,,,,,,,,,,,,,,,70.0,ERBB2,2064,,,,,,,,<,5.8,,,
493040,103904284,49830349,Inactive,,unknown,,,,,0.0,0.0,0.0,0.0,0.0,0.0,,,need to check,,,,,,,,,,,,,,,,,70.0,ERBB2,2064,,,,,,,,<,5.8,,,
493040,103904287,49830350,Inactive,,unknown,,,,,0.0,0.0,0.0,0.0,0.0,0.0,,,need to check,,,,,,,,,,,,,,,,,70.0,ERBB2,2064,,,,,,,,<,5.8,,,
493040,103904290,49830351,Inactive,,unknown,,,,,0.0,0.0,0.0,0.0,0.0,0.0,,,need to check,,,,,,,,,,,,,,,,,70.0,ERBB2,2064,,,,,,,,<,5.8,,,
493040,103904292,49830352,Inactive,,unknown,,,,,0.0,0.0,0.0,0.0,0.0,0.0,,,need to check,,,,,,,,,,,,,,,,,70.0,ERBB2,2064,,,,,,,,<,5.8,,,
493040,103904293,49830353,Inactive,,unknown,,,,,0.0,0.0,0.0,0.0,0.0,0.0,,,need to check,,,,,,,,,,,,,,,,,70.0,ERBB2,2064,,,,,,,,<,5.8,,,
493040,103904296,49830354,Inactive,,unknown,,,,,0.0,0.0,0.0,0.0,0.0,0.0,,,need to check,,,,,,,,,,,,,,,,,70.0,ERBB2,2064,,,,,,,,<,5.8,,,
493040,103904422,49830408,Inactive,,unknown,,,,,0.0,0.0,0.0,0.0,0.0,0.0,,,need to check,,,,,,,,,,,,,,,,,70.0,ERBB2,2064,,,,,,,,<,5.8,,,
493040,103904552,49830479,Inactive,,unknown,,,,,0.0,0.0,0.0,0.0,0.0,0.0,,,need to check,,,,,,,,,,,,,,,,,70.0,ERBB2,2064,,,,,,,,<,5.8,,,
493040,103904555,49830481,Inactive,,unknown,,,,,0.0,0.0,0.0,0.0,0.0,0.0,,,need to check,,,,,,,,,,,,,,,,,70.0,ERBB2,2064,,,,,,,,<,5.8,,,
493040,103904556,49830482,Inactive,,unknown,,,,,0.0,0.0,0.0,0.0,0.0,0.0,,,need to check,,,,,,,,,,,,,,,,,70.0,ERBB2,2064,,,,,,,,<,5.8,,,
493040,103904557,49830483,Inactive,,unknown,,,,,0.0,0.0,0.0,0.0,0.0,0.0,,,need to check,,,,,,,,,,,,,,,,,70.0,ERBB2,2064,,,,,,,,<,5.8,,,
493040,103904558,49830484,Inactive,,unknown,,,,,0.0,0.0,0.0,0.0,0.0,0.0,,,need to check,,,,,,,,,,,,,,,,,70.0,ERBB2,2064,,,,,,,,<,5.8,,,
493040,103904559,49830485,Inactive,,unknown,,,,,0.0,0.0,0.0,0.0,0.0,0.0,,,need to check,,,,,,,,,,,,,,,,,70.0,ERBB2,2064,,,,,,,,<,5.8,,,
493040,103904560,49830486,Inactive,,unknown,,,,,0.0,0.0,0.0,0.0,0.0,0.0,,,need to check,,,,,,,,,,,,,,,,,70.0,ERBB2,2064,,,,,,,,<,5.8,,,
493040,103904561,49830487,Inactive,,unknown,,,,,0.0,0.0,0.0,0.0,0.0,0.0,,,need to check,,,,,,,,,,,,,,,,,70.0,ERBB2,2064,,,,,,,,<,5.8,,,
493040,103904565,49830489,Inactive,,unknown,,,,,0.0,0.0,0.0,0.0,0.0,0.0,,,need to check,,,,,,,,,,,,,,,,,70.0,ERBB2,2064,,,,,,,,<,5.8,,,
493040,103904566,49830490,Inactive,,unknown,,,,,0.0,0.0,0.0,0.0,0.0,0.0,,,need to check,,,,,,,,,,,,,,,,,70.0,ERBB2,2064,,,,,,,,<,5.8,,,
493040,103904567,49830491,Inactive,,unknown,,,,,0.0,0.0,0.0,0.0,0.0,0.0,,,need to check,,,,,,,,,,,,,,,,,70.0,ERBB2,2064,,,,,,,,<,5.8,,,
493040,103904574,49830497,Inactive,,unknown,,,,,0.0,0.0,0.0,0.0,0.0,0.0,,,need to check,,,,,,,,,,,,,,,,,70.0,ERBB2,2064,,,,,,,,<,5.8,,,
493040,103904580,49830502,Inactive,,unknown,,,,,0.0,0.0,0.0,0.0,0.0,0.0,,,need to check,,,,,,,,,,,,,,,,,70.0,ERBB2,2064,,,,,,,,<,5.8,,,
493040,103904581,49830503,Inactive,,unknown,,,,,0.0,0.0,0.0,0.0,0.0,0.0,,,need to check,,,,,,,,,,,,,,,,,70.0,ERBB2,2064,,,,,,,,<,5.8,,,
493040,103904641,49830534,Inactive,,unknown,,,,,0.0,0.0,0.0,0.0,0.0,0.0,,,need to check,,,,,,,,,,,,,,,,,70.0,ERBB2,2064,,,,,,,,<,5.8,,,
493040,103904529,49830468,Inactive,,unknown,,,,,0.0,0.0,0.0,0.0,0.0,0.0,,,need to check,,,,,,,,,,,,,,,,,70.0,ERBB2,2064,,,,,,,,<,5.8,,,
493040,103904195,49830277,Inactive,,unknown,,,,,0.0,0.0,0.0,0.0,0.0,0.0,,,need to check,,,,,,,,,,,,,,,,,70.0,ERBB2,2064,,,,,,,,<,5.8,,,
493040,103904524,49830467,Inactive,,unknown,,,,,0.0,0.0,0.0,0.0,0.0,0.0,,,need to check,,,,,,,,,,,,,,,,,70.0,ERBB2,2064,,,,,,,,<,5.8,,,
493040,103904516,49830462,Inactive,,unknown,,,,,0.0,0.0,0.0,0.0,0.0,0.0,,,need to check,,,,,,,,,,,,,,,,,70.0,ERBB2,2064,,,,,,,,<,5.8,,,
493040,103904443,49830423,Inactive,,unknown,,,,,0.0,0.0,0.0,0.0,0.0,0.0,,,need to check,,,,,,,,,,,,,,,,,70.0,ERBB2,2064,,,,,,,,<,5.8,,,
493040,103904463,49830431,Inactive,,unknown,,,,,0.0,0.0,0.0,0.0,0.0,0.0,,,need to check,,,,,,,,,,,,,,,,,70.0,ERBB2,2064,,,,,,,,<,5.8,,,
493040,103904464,49830432,Inactive,,unknown,,,,,0.0,0.0,0.0,0.0,0.0,0.0,,,need to check,,,,,,,,,,,,,,,,,70.0,ERBB2,2064,,,,,,,,<,5.8,,,
493040,103904465,49830433,Inactive,,unknown,,,,,0.0,0.0,0.0,0.0,0.0,0.0,,,need to check,,,,,,,,,,,,,,,,,70.0,ERBB2,2064,,,,,,,,<,5.8,,,
493040,103904466,49830434,Inactive,,unknown,,,,,0.0,0.0,0.0,0.0,0.0,0.0,,,need to check,,,,,,,,,,,,,,,,,70.0,ERBB2,2064,,,,,,,,<,5.8,,,
493040,103904469,49830436,Inactive,,unknown,,,,,0.0,0.0,0.0,0.0,0.0,0.0,,,need to check,,,,,,,,,,,,,,,,,70.0,ERBB2,2064,,,,,,,,<,5.8,,,
493040,103904472,49830437,Inactive,,unknown,,,,,0.0,0.0,0.0,0.0,0.0,0.0,,,need to check,,,,,,,,,,,,,,,,,70.0,ERBB2,2064,,,,,,,,<,5.8,,,
493040,103904473,49830438,Inactive,,unknown,,,,,0.0,0.0,0.0,0.0,0.0,0.0,,,need to check,,,,,,,,,,,,,,,,,70.0,ERBB2,2064,,,,,,,,<,5.8,,,
493040,103904475,49830439,Inactive,,unknown,,,,,0.0,0.0,0.0,0.0,0.0,0.0,,,need to check,,,,,,,,,,,,,,,,,70.0,ERBB2,2064,,,,,,,,<,5.8,,,
493040,103904476,49830440,Inactive,,unknown,,,,,0.0,0.0,0.0,0.0,0.0,0.0,,,need to check,,,,,,,,,,,,,,,,,70.0,ERBB2,2064,,,,,,,,<,5.8,,,
493040,103904480,49830441,Inactive,,unknown,,,,,0.0,0.0,0.0,0.0,0.0,0.0,,,need to check,,,,,,,,,,,,,,,,,70.0,ERBB2,2064,,,,,,,,<,5.8,,,
493040,103904483,49830442,Inactive,,unknown,,,,,0.0,0.0,0.0,0.0,0.0,0.0,,,need to check,,,,,,,,,,,,,,,,,70.0,ERBB2,2064,,,,,,,,<,5.8,,,
493040,103904487,49830444,Inactive,,unknown,,,,,0.0,0.0,0.0,0.0,0.0,0.0,,,need to check,,,,,,,,,,,,,,,,,70.0,ERBB2,2064,,,,,,,,<,5.8,,,
493040,103904489,49830445,Inactive,,unknown,,,,,0.0,0.0,0.0,0.0,0.0,0.0,,,need to check,,,,,,,,,,,,,,,,,70.0,ERBB2,2064,,,,,,,,<,5.8,,,
493040,103904501,49830454,Inactive,,unknown,,,,,0.0,0.0,0.0,0.0,0.0,0.0,,,need to check,,,,,,,,,,,,,,,,,70.0,ERBB2,2064,,,,,,,,<,5.8,,,
493040,103904502,49830455,Inactive,,unknown,,,,,0.0,0.0,0.0,0.0,0.0,0.0,,,need to check,,,,,,,,,,,,,,,,,70.0,ERBB2,2064,,,,,,,,<,5.8,,,
493040,103904504,49830456,Inactive,,unknown,,,,,0.0,0.0,0.0,0.0,0.0,0.0,,,need to check,,,,,,,,,,,,,,,,,70.0,ERBB2,2064,,,,,,,,<,5.8,,,
493040,103904514,49830460,Inactive,,unknown,,,,,0.0,0.0,0.0,0.0,0.0,0.0,,,need to check,,,,,,,,,,,,,,,,,70.0,ERBB2,2064,,,,,,,,<,5.8,,,
493040,103904515,49830461,Inactive,,unknown,,,,,0.0,0.0,0.0,0.0,0.0,0.0,,,need to check,,,,,,,,,,,,,,,,,70.0,ERBB2,2064,,,,,,,,<,5.8,,,
493040,103904518,49830463,Inactive,,unknown,,,,,0.0,0.0,0.0,0.0,0.0,0.0,,,need to check,,,,,,,,,,,,,,,,,70.0,ERBB2,2064,,,,,,,,<,5.8,,,
493040,103904194,49830276,Inactive,,unknown,,,,,0.0,0.0,0.0,0.0,0.0,0.0,,,need to check,,,,,,,,,,,,,,,,,70.0,ERBB2,2064,,,,,,,,<,5.8,,,
493040,103904192,49830275,Inactive,,unknown,,,,,0.0,0.0,0.0,0.0,0.0,0.0,,,need to check,,,,,,,,,,,,,,,,,70.0,ERBB2,2064,,,,,,,,<,5.8,,,
493040,103904191,49830274,Inactive,,unknown,,,,,0.0,0.0,0.0,0.0,0.0,0.0,,,need to check,,,,,,,,,,,,,,,,,70.0,ERBB2,2064,,,,,,,,<,5.8,,,
493040,103904988,24809834,Inactive,,unknown,,,,,0.0,0.0,0.0,0.0,0.0,0.0,,,need to check,,,,,,,,,,,,,,,,,70.0,ERBB2,2064,,,,,,,,<,5.8,,,
493040,103904884,24858859,Inactive,,unknown,,,,,0.0,0.0,0.0,0.0,0.0,0.0,,,need to check,,,,,,,,,,,,,,,,,70.0,ERBB2,2064,,,,,,,,<,5.8,,,
493040,103904890,24858860,Inactive,,unknown,,,,,0.0,0.0,0.0,0.0,0.0,0.0,,,need to check,,,,,,,,,,,,,,,,,70.0,ERBB2,2064,,,,,,,,<,5.8,,,
493040,103904888,24859013,Inactive,,unknown,,,,,0.0,0.0,0.0,0.0,0.0,0.0,,,need to check,,,,,,,,,,,,,,,,,70.0,ERBB2,2064,,,,,,,,<,5.8,,,
493040,103904895,24859161,Inactive,,unknown,,,,,0.0,0.0,0.0,0.0,0.0,0.0,,,need to check,,,,,,,,,,,,,,,,,70.0,ERBB2,2064,,,,,,,,<,5.8,,,
493040,103904887,24859296,Inactive,,unknown,,,,,0.0,0.0,0.0,0.0,0.0,0.0,,,need to check,,,,,,,,,,,,,,,,,70.0,ERBB2,2064,,,,,,,,<,5.8,,,
493040,103904289,24894081,Inactive,,unknown,,,,,0.0,0.0,0.0,0.0,0.0,0.0,,,need to check,,,,,,,,,,,,,,,,,70.0,ERBB2,2064,,,,,,,,<,5.8,,,
493040,103904288,24894620,Inactive,,unknown,,,,,0.0,0.0,0.0,0.0,0.0,0.0,,,need to check,,,,,,,,,,,,,,,,,70.0,ERBB2,2064,,,,,,,,<,5.8,,,
493040,103905117,24906268,Inactive,,unknown,,,,,0.0,0.0,0.0,0.0,0.0,0.0,,,need to check,,,,,,,,,,,,,,,,,70.0,ERBB2,2064,,,,,,,,<,5.8,,,
493040,103905586,24995524,Inactive,,unknown,,,,,0.0,0.0,0.0,0.0,0.0,0.0,,,need to check,,,,,,,,,,,,,,,,,70.0,ERBB2,2064,,,,,,,,<,5.8,,,
493040,103905570,25002232,Inactive,,unknown,,,,,0.0,0.0,0.0,0.0,0.0,0.0,,,need to check,,,,,,,,,,,,,,,,,70.0,ERBB2,2064,,,,,,,,<,5.8,,,
493040,103904773,25016360,Inactive,,unknown,,,,,0.0,0.0,0.0,0.0,0.0,0.0,,,need to check,,,,,,,,,,,,,,,,,70.0,ERBB2,2064,,,,,,,,<,5.8,,,
493040,103905546,25032704,Inactive,,unknown,,,,,0.0,0.0,0.0,0.0,0.0,0.0,,,need to check,,,,,,,,,,,,,,,,,70.0,ERBB2,2064,,,,,,,,<,5.8,,,
493040,103904471,25164469,Inactive,,unknown,,,,,0.0,0.0,0.0,0.0,0.0,0.0,,,need to check,,,,,,,,,,,,,,,,,70.0,ERBB2,2064,,,,,,,,<,5.8,,,
493040,103904547,25164470,Inactive,,unknown,,,,,0.0,0.0,0.0,0.0,0.0,0.0,,,need to check,,,,,,,,,,,,,,,,,70.0,ERBB2,2064,,,,,,,,<,5.8,,,
493040,103904519,25164472,Inactive,,unknown,,,,,0.0,0.0,0.0,0.0,0.0,0.0,,,need to check,,,,,,,,,,,,,,,,,70.0,ERBB2,2064,,,,,,,,<,5.8,,,
493040,103904985,24809803,Inactive,,unknown,,,,,0.0,0.0,0.0,0.0,0.0,0.0,,,need to check,,,,,,,,,,,,,,,,,70.0,ERBB2,2064,,,,,,,,<,5.8,,,
493040,103904525,25164675,Inactive,,unknown,,,,,0.0,0.0,0.0,0.0,0.0,0.0,,,need to check,,,,,,,,,,,,,,,,,70.0,ERBB2,2064,,,,,,,,<,5.8,,,
493040,103904984,24809803,Inactive,,unknown,,,,,0.0,0.0,0.0,0.0,0.0,0.0,,,need to check,,,,,,,,,,,,,,,,,70.0,ERBB2,2064,,,,,,,,<,5.8,,,
493040,103904889,24772168,Inactive,,unknown,,,,,0.0,0.0,0.0,0.0,0.0,0.0,,,need to check,,,,,,,,,,,,,,,,,70.0,ERBB2,2064,,,,,,,,<,5.8,,,
493040,103904474,22607531,Inactive,,unknown,,,,,0.0,0.0,0.0,0.0,0.0,0.0,,,need to check,,,,,,,,,,,,,,,,,70.0,ERBB2,2064,,,,,,,,<,5.8,,,
493040,103904752,22607792,Inactive,,unknown,,,,,0.0,0.0,0.0,0.0,0.0,0.0,,,need to check,,,,,,,,,,,,,,,,,70.0,ERBB2,2064,,,,,,,,<,5.8,,,
493040,103904806,22665513,Inactive,,unknown,,,,,0.0,0.0,0.0,0.0,0.0,0.0,,,need to check,,,,,,,,,,,,,,,,,70.0,ERBB2,2064,,,,,,,,<,5.8,,,
493040,103904687,23433004,Inactive,,unknown,,,,,0.0,0.0,0.0,0.0,0.0,0.0,,,need to check,,,,,,,,,,,,,,,,,70.0,ERBB2,2064,,,,,,,,<,5.8,,,
493040,103904657,23570850,Inactive,,unknown,,,,,0.0,0.0,0.0,0.0,0.0,0.0,,,need to check,,,,,,,,,,,,,,,,,70.0,ERBB2,2064,,,,,,,,<,5.8,,,
493040,103905597,23642173,Inactive,,unknown,,,,,0.0,0.0,0.0,0.0,0.0,0.0,,,need to check,,,,,,,,,,,,,,,,,70.0,ERBB2,2064,,,,,,,,<,5.8,,,
493040,103904885,23646813,Inactive,,unknown,,,,,0.0,0.0,0.0,0.0,0.0,0.0,,,need to check,,,,,,,,,,,,,,,,,70.0,ERBB2,2064,,,,,,,,<,5.8,,,
493040,103905391,23647201,Inactive,,unknown,,,,,0.0,0.0,0.0,0.0,0.0,0.0,,,need to check,,,,,,,,,,,,,,,,,70.0,ERBB2,2064,,,,,,,,<,5.8,,,
493040,103904604,23647264,Inactive,,unknown,,,,,0.0,0.0,0.0,0.0,0.0,0.0,,,need to check,,,,,,,,,,,,,,,,,70.0,ERBB2,2064,,,,,,,,<,5.8,,,
493040,103905551,23829003,Inactive,,unknown,,,,,0.0,0.0,0.0,0.0,0.0,0.0,,,need to check,,,,,,,,,,,,,,,,,70.0,ERBB2,2064,,,,,,,,<,5.8,,,
493040,103905590,23882428,Inactive,,unknown,,,,,0.0,0.0,0.0,0.0,0.0,0.0,,,need to check,,,,,,,,,,,,,,,,,70.0,ERBB2,2064,,,,,,,,<,5.8,,,
493040,103904813,24180596,Inactive,,unknown,,,,,0.0,0.0,0.0,0.0,0.0,0.0,,,need to check,,,,,,,,,,,,,,,,,70.0,ERBB2,2064,,,,,,,,<,5.8,,,
493040,103905284,24203040,Inactive,,unknown,,,,,0.0,0.0,0.0,0.0,0.0,0.0,,,need to check,,,,,,,,,,,,,,,,,70.0,ERBB2,2064,,,,,,,,<,5.8,,,
493040,103905182,24755603,Inactive,,unknown,,,,,0.0,0.0,0.0,0.0,0.0,0.0,,,need to check,,,,,,,,,,,,,,,,,70.0,ERBB2,2064,,,,,,,,<,5.8,,,
493040,103904643,24765714,Inactive,,unknown,,,,,0.0,0.0,0.0,0.0,0.0,0.0,,,need to check,,,,,,,,,,,,,,,,,70.0,ERBB2,2064,,,,,,,,<,5.8,,,
493040,103904666,24768216,Inactive,,unknown,,,,,0.0,0.0,0.0,0.0,0.0,0.0,,,need to check,,,,,,,,,,,,,,,,,70.0,ERBB2,2064,,,,,,,,<,5.8,,,
493040,103905598,24809769,Inactive,,unknown,,,,,0.0,0.0,0.0,0.0,0.0,0.0,,,need to check,,,,,,,,,,,,,,,,,70.0,ERBB2,2064,,,,,,,,<,5.8,,,
493040,103904655,49830543,Inactive,,unknown,,,,,0.0,0.0,0.0,0.0,0.0,0.0,,,need to check,,,,,,,,,,,,,,,,,70.0,ERBB2,2064,,,,,,,,<,5.8,,,
493040,103904511,25164676,Inactive,,unknown,,,,,0.0,0.0,0.0,0.0,0.0,0.0,,,need to check,,,,,,,,,,,,,,,,,70.0,ERBB2,2064,,,,,,,,<,5.8,,,
493040,103904512,25164882,Inactive,,unknown,,,,,0.0,0.0,0.0,0.0,0.0,0.0,,,need to check,,,,,,,,,,,,,,,,,70.0,ERBB2,2064,,,,,,,,<,5.8,,,
493040,103904817,44442347,Inactive,,unknown,,,,,0.0,0.0,0.0,0.0,0.0,0.0,,,need to check,,,,,,,,,,,,,,,,,70.0,ERBB2,2064,,,,,,,,<,5.8,,,
493040,103905151,44444843,Inactive,,unknown,,,,,0.0,0.0,0.0,0.0,0.0,0.0,,,need to check,,,,,,,,,,,,,,,,,70.0,ERBB2,2064,,,,,,,,<,5.8,,,
493040,103904451,44520205,Inactive,,unknown,,,,,0.0,0.0,0.0,0.0,0.0,0.0,,,need to check,,,,,,,,,,,,,,,,,70.0,ERBB2,2064,,,,,,,,<,5.8,,,
493040,103904369,44560751,Inactive,,unknown,,,,,0.0,0.0,0.0,0.0,0.0,0.0,,,need to check,,,,,,,,,,,,,,,,,70.0,ERBB2,2064,,,,,,,,<,5.8,,,
493040,103904656,44586040,Inactive,,unknown,,,,,0.0,0.0,0.0,0.0,0.0,0.0,,,need to check,,,,,,,,,,,,,,,,,70.0,ERBB2,2064,,,,,,,,<,4.8,,,
493040,103905077,44588881,Inactive,,unknown,,,,,0.0,0.0,0.0,0.0,0.0,0.0,,,need to check,,,,,,,,,,,,,,,,,70.0,ERBB2,2064,,,,,,,,<,5.8,,,
493040,103905078,44588915,Inactive,,unknown,,,,,0.0,0.0,0.0,0.0,0.0,0.0,,,need to check,,,,,,,,,,,,,,,,,70.0,ERBB2,2064,,,,,,,,<,5.8,,,
493040,103905075,44593713,Inactive,,unknown,,,,,0.0,0.0,0.0,0.0,0.0,0.0,,,need to check,,,,,,,,,,,,,,,,,70.0,ERBB2,2064,,,,,,,,<,5.8,,,
493040,103905187,44611456,Inactive,,unknown,,,,,0.0,0.0,0.0,0.0,0.0,0.0,,,need to check,,,,,,,,,,,,,,,,,70.0,ERBB2,2064,,,,,,,,<,5.8,,,
493040,103904886,45269554,Inactive,,unknown,,,,,0.0,0.0,0.0,0.0,0.0,0.0,,,need to check,,,,,,,,,,,,,,,,,70.0,ERBB2,2064,,,,,,,,<,5.8,,,
493040,103904961,46224684,Inactive,,unknown,,,,,0.0,0.0,0.0,0.0,0.0,0.0,,,need to check,,,,,,,,,,,,,,,,,70.0,ERBB2,2064,,,,,,,,<,5.8,,,
493040,103904960,46224697,Inactive,,unknown,,,,,0.0,0.0,0.0,0.0,0.0,0.0,,,need to check,,,,,,,,,,,,,,,,,70.0,ERBB2,2064,,,,,,,,<,5.8,,,
493040,103905569,47001891,Inactive,,unknown,,,,,0.0,0.0,0.0,0.0,0.0,0.0,,,need to check,,,,,,,,,,,,,,,,,70.0,ERBB2,2064,,,,,,,,<,5.8,,,
493040,103904189,49830272,Inactive,,unknown,,,,,0.0,0.0,0.0,0.0,0.0,0.0,,,need to check,,,,,,,,,,,,,,,,,70.0,ERBB2,2064,,,,,,,,<,5.8,,,
493040,103904193,49830272,Inactive,,unknown,,,,,0.0,0.0,0.0,0.0,0.0,0.0,,,need to check,,,,,,,,,,,,,,,,,70.0,ERBB2,2064,,,,,,,,<,5.8,,,
493040,103905471,44440493,Inactive,,unknown,,,,,0.0,0.0,0.0,0.0,0.0,0.0,,,need to check,,,,,,,,,,,,,,,,,70.0,ERBB2,2064,,,,,,,,<,5.8,,,
493040,103904543,25164677,Inactive,,unknown,,,,,0.0,0.0,0.0,0.0,0.0,0.0,,,need to check,,,,,,,,,,,,,,,,,70.0,ERBB2,2064,,,,,,,,<,5.8,,,
493040,103904203,44415997,Inactive,,unknown,,,,,0.0,0.0,0.0,0.0,0.0,0.0,,,need to check,,,,,,,,,,,,,,,,,70.0,ERBB2,2064,,,,,,,,<,5.8,,,
493040,103905079,44412343,Inactive,,unknown,,,,,0.0,0.0,0.0,0.0,0.0,0.0,,,need to check,,,,,,,,,,,,,,,,,70.0,ERBB2,2064,,,,,,,,<,5.8,,,
493040,103904517,25164884,Inactive,,unknown,,,,,0.0,0.0,0.0,0.0,0.0,0.0,,,need to check,,,,,,,,,,,,,,,,,70.0,ERBB2,2064,,,,,,,,<,5.8,,,
493040,103904526,25165085,Inactive,,unknown,,,,,0.0,0.0,0.0,0.0,0.0,0.0,,,need to check,,,,,,,,,,,,,,,,,70.0,ERBB2,2064,,,,,,,,<,5.8,,,
493040,103904482,25165277,Inactive,,unknown,,,,,0.0,0.0,0.0,0.0,0.0,0.0,,,need to check,,,,,,,,,,,,,,,,,70.0,ERBB2,2064,,,,,,,,<,5.8,,,
493040,103904508,25165861,Inactive,,unknown,,,,,0.0,0.0,0.0,0.0,0.0,0.0,,,need to check,,,,,,,,,,,,,,,,,70.0,ERBB2,2064,,,,,,,,<,5.8,,,
493040,103904530,25166655,Inactive,,unknown,,,,,0.0,0.0,0.0,0.0,0.0,0.0,,,need to check,,,,,,,,,,,,,,,,,70.0,ERBB2,2064,,,,,,,,<,5.8,,,
493040,103904546,25166868,Inactive,,unknown,,,,,0.0,0.0,0.0,0.0,0.0,0.0,,,need to check,,,,,,,,,,,,,,,,,70.0,ERBB2,2064,,,,,,,,<,5.8,,,
493040,103904509,25167072,Inactive,,unknown,,,,,0.0,0.0,0.0,0.0,0.0,0.0,,,need to check,,,,,,,,,,,,,,,,,70.0,ERBB2,2064,,,,,,,,<,5.8,,,
493040,103904510,25167074,Inactive,,unknown,,,,,0.0,0.0,0.0,0.0,0.0,0.0,,,need to check,,,,,,,,,,,,,,,,,70.0,ERBB2,2064,,,,,,,,<,5.8,,,
493040,103904520,25167075,Inactive,,unknown,,,,,0.0,0.0,0.0,0.0,0.0,0.0,,,need to check,,,,,,,,,,,,,,,,,70.0,ERBB2,2064,,,,,,,,<,5.8,,,
493040,103904545,25167078,Inactive,,unknown,,,,,0.0,0.0,0.0,0.0,0.0,0.0,,,need to check,,,,,,,,,,,,,,,,,70.0,ERBB2,2064,,,,,,,,<,5.8,,,
493040,103904528,25167280,Inactive,,unknown,,,,,0.0,0.0,0.0,0.0,0.0,0.0,,,need to check,,,,,,,,,,,,,,,,,70.0,ERBB2,2064,,,,,,,,<,5.8,,,
493040,103905547,25190453,Inactive,,unknown,,,,,0.0,0.0,0.0,0.0,0.0,0.0,,,need to check,,,,,,,,,,,,,,,,,70.0,ERBB2,2064,,,,,,,,<,5.8,,,
493040,103905144,25205759,Inactive,,unknown,,,,,0.0,0.0,0.0,0.0,0.0,0.0,,,need to check,,,,,,,,,,,,,,,,,70.0,ERBB2,2064,,,,,,,,<,5.8,,,
493040,103904955,25205762,Inactive,,unknown,,,,,0.0,0.0,0.0,0.0,0.0,0.0,,,need to check,,,,,,,,,,,,,,,,,70.0,ERBB2,2064,,,,,,,,<,5.8,,,
493040,103904952,25206387,Inactive,,unknown,,,,,0.0,0.0,0.0,0.0,0.0,0.0,,,need to check,,,,,,,,,,,,,,,,,70.0,ERBB2,2064,,,,,,,,<,5.8,,,
493040,103905428,25263111,Inactive,,unknown,,,,,0.0,0.0,0.0,0.0,0.0,0.0,,,need to check,,,,,,,,,,,,,,,,,70.0,ERBB2,2064,,,,,,,,<,5.8,,,
493040,103905296,44186884,Inactive,,unknown,,,,,0.0,0.0,0.0,0.0,0.0,0.0,,,need to check,,,,,,,,,,,,,,,,,70.0,ERBB2,2064,,,,,,,,<,5.8,,,
493040,103904564,44237411,Inactive,,unknown,,,,,0.0,0.0,0.0,0.0,0.0,0.0,,,need to check,,,,,,,,,,,,,,,,,70.0,ERBB2,2064,,,,,,,,<,5.8,,,
493040,103904205,44415977,Inactive,,unknown,,,,,0.0,0.0,0.0,0.0,0.0,0.0,,,need to check,,,,,,,,,,,,,,,,,70.0,ERBB2,2064,,,,,,,,<,5.8,,,
493040,103904477,22607499,Inactive,,unknown,,,,,0.0,0.0,0.0,0.0,0.0,0.0,,,need to check,,,,,,,,,,,,,,,,,70.0,ERBB2,2064,,,,,,,,<,5.8,,,
493040,103904658,49830544,Inactive,,unknown,,,,,0.0,0.0,0.0,0.0,0.0,0.0,,,need to check,,,,,,,,,,,,,,,,,70.0,ERBB2,2064,,,,,,,,<,5.8,,,
493040,103904662,49830547,Inactive,,unknown,,,,,0.0,0.0,0.0,0.0,0.0,0.0,,,need to check,,,,,,,,,,,,,,,,,70.0,ERBB2,2064,,,,,,,,<,5.8,,,
493040,103905310,49830896,Inactive,,unknown,,,,,0.0,0.0,0.0,0.0,0.0,0.0,,,need to check,,,,,,,,,,,,,,,,,70.0,ERBB2,2064,,,,,,,,<,5.8,,,
493040,103905315,49830900,Inactive,,unknown,,,,,0.0,0.0,0.0,0.0,0.0,0.0,,,need to check,,,,,,,,,,,,,,,,,70.0,ERBB2,2064,,,,,,,,<,5.8,,,
493040,103905329,49830907,Inactive,,unknown,,,,,0.0,0.0,0.0,0.0,0.0,0.0,,,need to check,,,,,,,,,,,,,,,,,70.0,ERBB2,2064,,,,,,,,<,4.8,,,
493040,103905358,49830917,Inactive,,unknown,,,,,0.0,0.0,0.0,0.0,0.0,0.0,,,need to check,,,,,,,,,,,,,,,,,70.0,ERBB2,2064,,,,,,,,<,5.8,,,
493040,103905378,49830925,Inactive,,unknown,,,,,0.0,0.0,0.0,0.0,0.0,0.0,,,need to check,,,,,,,,,,,,,,,,,70.0,ERBB2,2064,,,,,,,,<,5.8,,,
493040,103905382,49830927,Inactive,,unknown,,,,,0.0,0.0,0.0,0.0,0.0,0.0,,,need to check,,,,,,,,,,,,,,,,,70.0,ERBB2,2064,,,,,,,,<,5.8,,,
493040,103905383,49830928,Inactive,,unknown,,,,,0.0,0.0,0.0,0.0,0.0,0.0,,,need to check,,,,,,,,,,,,,,,,,70.0,ERBB2,2064,,,,,,,,<,5.8,,,
493040,103905384,49830929,Inactive,,unknown,,,,,0.0,0.0,0.0,0.0,0.0,0.0,,,need to check,,,,,,,,,,,,,,,,,70.0,ERBB2,2064,,,,,,,,<,5.8,,,
493040,103905308,49830895,Inactive,,unknown,,,,,0.0,0.0,0.0,0.0,0.0,0.0,,,need to check,,,,,,,,,,,,,,,,,70.0,ERBB2,2064,,,,,,,,<,5.8,,,
493040,103905386,49830930,Inactive,,unknown,,,,,0.0,0.0,0.0,0.0,0.0,0.0,,,need to check,,,,,,,,,,,,,,,,,70.0,ERBB2,2064,,,,,,,,<,5.8,,,
493040,103905398,49830938,Inactive,,unknown,,,,,0.0,0.0,0.0,0.0,0.0,0.0,,,need to check,,,,,,,,,,,,,,,,,70.0,ERBB2,2064,,,,,,,,<,5.8,,,
493040,103905407,49830944,Inactive,,unknown,,,,,0.0,0.0,0.0,0.0,0.0,0.0,,,need to check,,,,,,,,,,,,,,,,,70.0,ERBB2,2064,,,,,,,,<,5.8,,,
493040,103905413,49830947,Inactive,,unknown,,,,,0.0,0.0,0.0,0.0,0.0,0.0,,,need to check,,,,,,,,,,,,,,,,,70.0,ERBB2,2064,,,,,,,,<,5.8,,,
493040,103905424,49830951,Inactive,,unknown,,,,,0.0,0.0,0.0,0.0,0.0,0.0,,,need to check,,,,,,,,,,,,,,,,,70.0,ERBB2,2064,,,,,,,,<,5.8,,,
493040,103905427,49830953,Inactive,,unknown,,,,,0.0,0.0,0.0,0.0,0.0,0.0,,,need to check,,,,,,,,,,,,,,,,,70.0,ERBB2,2064,,,,,,,,<,5.8,,,
493040,103905442,49830958,Inactive,,unknown,,,,,0.0,0.0,0.0,0.0,0.0,0.0,,,need to check,,,,,,,,,,,,,,,,,70.0,ERBB2,2064,,,,,,,,<,4.8,,,
493040,103905443,49830959,Inactive,,unknown,,,,,0.0,0.0,0.0,0.0,0.0,0.0,,,need to check,,,,,,,,,,,,,,,,,70.0,ERBB2,2064,,,,,,,,<,5.8,,,
493040,103905444,49830960,Inactive,,unknown,,,,,0.0,0.0,0.0,0.0,0.0,0.0,,,need to check,,,,,,,,,,,,,,,,,70.0,ERBB2,2064,,,,,,,,<,5.8,,,
493040,103905388,49830932,Inactive,,unknown,,,,,0.0,0.0,0.0,0.0,0.0,0.0,,,need to check,,,,,,,,,,,,,,,,,70.0,ERBB2,2064,,,,,,,,<,5.8,,,
493040,103905288,49830891,Inactive,,unknown,,,,,0.0,0.0,0.0,0.0,0.0,0.0,,,need to check,,,,,,,,,,,,,,,,,70.0,ERBB2,2064,,,,,,,,<,5.8,,,
493040,103905287,49830890,Inactive,,unknown,,,,,0.0,0.0,0.0,0.0,0.0,0.0,,,need to check,,,,,,,,,,,,,,,,,70.0,ERBB2,2064,,,,,,,,<,5.8,,,
493040,103905267,49830885,Inactive,,unknown,,,,,0.0,0.0,0.0,0.0,0.0,0.0,,,need to check,,,,,,,,,,,,,,,,,70.0,ERBB2,2064,,,,,,,,<,5.8,,,
493040,103905136,49830832,Inactive,,unknown,,,,,0.0,0.0,0.0,0.0,0.0,0.0,,,need to check,,,,,,,,,,,,,,,,,70.0,ERBB2,2064,,,,,,,,<,5.8,,,
493040,103905137,49830833,Inactive,,unknown,,,,,0.0,0.0,0.0,0.0,0.0,0.0,,,need to check,,,,,,,,,,,,,,,,,70.0,ERBB2,2064,,,,,,,,<,5.8,,,
493040,103905154,49830837,Inactive,,unknown,,,,,0.0,0.0,0.0,0.0,0.0,0.0,,,need to check,,,,,,,,,,,,,,,,,70.0,ERBB2,2064,,,,,,,,<,5.8,,,
493040,103905155,49830838,Inactive,,unknown,,,,,0.0,0.0,0.0,0.0,0.0,0.0,,,need to check,,,,,,,,,,,,,,,,,70.0,ERBB2,2064,,,,,,,,<,5.8,,,
493040,103905156,49830839,Inactive,,unknown,,,,,0.0,0.0,0.0,0.0,0.0,0.0,,,need to check,,,,,,,,,,,,,,,,,70.0,ERBB2,2064,,,,,,,,<,5.8,,,
493040,103905180,49830854,Inactive,,unknown,,,,,0.0,0.0,0.0,0.0,0.0,0.0,,,need to check,,,,,,,,,,,,,,,,,70.0,ERBB2,2064,,,,,,,,<,5.8,,,
493040,103905186,49830857,Inactive,,unknown,,,,,0.0,0.0,0.0,0.0,0.0,0.0,,,need to check,,,,,,,,,,,,,,,,,70.0,ERBB2,2064,,,,,,,,<,5.8,,,
493040,103905192,49830859,Inactive,,unknown,,,,,0.0,0.0,0.0,0.0,0.0,0.0,,,need to check,,,,,,,,,,,,,,,,,70.0,ERBB2,2064,,,,,,,,<,5.8,,,
493040,103905202,49830863,Inactive,,unknown,,,,,0.0,0.0,0.0,0.0,0.0,0.0,,,need to check,,,,,,,,,,,,,,,,,70.0,ERBB2,2064,,,,,,,,<,5.8,,,
493040,103905212,49830865,Inactive,,unknown,,,,,0.0,0.0,0.0,0.0,0.0,0.0,,,need to check,,,,,,,,,,,,,,,,,70.0,ERBB2,2064,,,,,,,,<,5.8,,,
493040,103905237,49830874,Inactive,,unknown,,,,,0.0,0.0,0.0,0.0,0.0,0.0,,,need to check,,,,,,,,,,,,,,,,,70.0,ERBB2,2064,,,,,,,,<,5.8,,,
493040,103905251,49830877,Inactive,,unknown,,,,,0.0,0.0,0.0,0.0,0.0,0.0,,,need to check,,,,,,,,,,,,,,,,,70.0,ERBB2,2064,,,,,,,,<,5.8,,,
493040,103905252,49830878,Inactive,,unknown,,,,,0.0,0.0,0.0,0.0,0.0,0.0,,,need to check,,,,,,,,,,,,,,,,,70.0,ERBB2,2064,,,,,,,,<,5.8,,,
493040,103905259,49830880,Inactive,,unknown,,,,,0.0,0.0,0.0,0.0,0.0,0.0,,,need to check,,,,,,,,,,,,,,,,,70.0,ERBB2,2064,,,,,,,,<,5.8,,,
493040,103905263,49830881,Inactive,,unknown,,,,,0.0,0.0,0.0,0.0,0.0,0.0,,,need to check,,,,,,,,,,,,,,,,,70.0,ERBB2,2064,,,,,,,,<,5.8,,,
493040,103905266,49830884,Inactive,,unknown,,,,,0.0,0.0,0.0,0.0,0.0,0.0,,,need to check,,,,,,,,,,,,,,,,,70.0,ERBB2,2064,,,,,,,,<,5.8,,,
493040,103905449,49830963,Inactive,,unknown,,,,,0.0,0.0,0.0,0.0,0.0,0.0,,,need to check,,,,,,,,,,,,,,,,,70.0,ERBB2,2064,,,,,,,,<,5.8,,,
493040,103905453,49830966,Inactive,,unknown,,,,,0.0,0.0,0.0,0.0,0.0,0.0,,,need to check,,,,,,,,,,,,,,,,,70.0,ERBB2,2064,,,,,,,,<,5.8,,,
493040,103905496,49830987,Inactive,,unknown,,,,,0.0,0.0,0.0,0.0,0.0,0.0,,,need to check,,,,,,,,,,,,,,,,,70.0,ERBB2,2064,,,,,,,,<,5.8,,,
493040,103905515,49830994,Inactive,,unknown,,,,,0.0,0.0,0.0,0.0,0.0,0.0,,,need to check,,,,,,,,,,,,,,,,,70.0,ERBB2,2064,,,,,,,,<,5.8,,,
493040,103904978,136027068,Inactive,,unknown,,,,,0.0,0.0,0.0,0.0,0.0,0.0,,,need to check,,,,,,,,,,,,,,,,,70.0,ERBB2,2064,,,,,,,,<,5.8,,,
493040,103904906,136027064,Inactive,,unknown,,,,,0.0,0.0,0.0,0.0,0.0,0.0,,,need to check,,,,,,,,,,,,,,,,,70.0,ERBB2,2064,,,,,,,,<,5.8,,,
493040,103904904,136027064,Inactive,,unknown,,,,,0.0,0.0,0.0,0.0,0.0,0.0,,,need to check,,,,,,,,,,,,,,,,,70.0,ERBB2,2064,,,,,,,,<,5.8,,,
493040,103904798,136027062,Inactive,,unknown,,,,,0.0,0.0,0.0,0.0,0.0,0.0,,,need to check,,,,,,,,,,,,,,,,,70.0,ERBB2,2064,,,,,,,,<,5.8,,,
493040,103904743,136027061,Inactive,,unknown,,,,,0.0,0.0,0.0,0.0,0.0,0.0,,,need to check,,,,,,,,,,,,,,,,,70.0,ERBB2,2064,,,,,,,,<,5.8,,,
493040,103905578,135566832,Inactive,,unknown,,,,,0.0,0.0,0.0,0.0,0.0,0.0,,,need to check,,,,,,,,,,,,,,,,,70.0,ERBB2,2064,,,,,,,,<,5.8,,,
493040,103905309,135566504,Inactive,,unknown,,,,,0.0,0.0,0.0,0.0,0.0,0.0,,,need to check,,,,,,,,,,,,,,,,,70.0,ERBB2,2064,,,,,,,,<,5.8,,,
493040,103905163,135564570,Inactive,,unknown,,,,,0.0,0.0,0.0,0.0,0.0,0.0,,,need to check,,,,,,,,,,,,,,,,,70.0,ERBB2,2064,,,,,,,,<,5.8,,,
493040,103905055,135543617,Inactive,,unknown,,,,,0.0,0.0,0.0,0.0,0.0,0.0,,,need to check,,,,,,,,,,,,,,,,,70.0,ERBB2,2064,,,,,,,,<,5.8,,,
493040,103904703,135533388,Inactive,,unknown,,,,,0.0,0.0,0.0,0.0,0.0,0.0,,,need to check,,,,,,,,,,,,,,,,,70.0,ERBB2,2064,,,,,,,,<,5.8,,,
493040,103904979,135515045,Inactive,,unknown,,,,,0.0,0.0,0.0,0.0,0.0,0.0,,,need to check,,,,,,,,,,,,,,,,,70.0,ERBB2,2064,,,,,,,,<,5.8,,,
493040,103905594,135497772,Inactive,,unknown,,,,,0.0,0.0,0.0,0.0,0.0,0.0,,,need to check,,,,,,,,,,,,,,,,,70.0,ERBB2,2064,,,,,,,,<,5.8,,,
493040,103905300,135465267,Inactive,,unknown,,,,,0.0,0.0,0.0,0.0,0.0,0.0,,,need to check,,,,,,,,,,,,,,,,,70.0,ERBB2,2064,,,,,,,,<,5.8,,,
493040,103904797,135451585,Inactive,,unknown,,,,,0.0,0.0,0.0,0.0,0.0,0.0,,,need to check,,,,,,,,,,,,,,,,,70.0,ERBB2,2064,,,,,,,,<,5.8,,,
493040,103905208,135444250,Inactive,,unknown,,,,,0.0,0.0,0.0,0.0,0.0,0.0,,,need to check,,,,,,,,,,,,,,,,,70.0,ERBB2,2064,,,,,,,,<,5.8,,,
493040,103905209,135435475,Inactive,,unknown,,,,,0.0,0.0,0.0,0.0,0.0,0.0,,,need to check,,,,,,,,,,,,,,,,,70.0,ERBB2,2064,,,,,,,,<,5.8,,,
493040,103905607,135398512,Inactive,,unknown,,,,,0.0,0.0,0.0,0.0,0.0,0.0,,,need to check,,,,,,,,,,,,,,,,,70.0,ERBB2,2064,,,,,,,,<,5.8,,,
493040,103904684,135398510,Inactive,,unknown,,,,,0.0,0.0,0.0,0.0,0.0,0.0,,,need to check,,,,,,,,,,,,,,,,,70.0,ERBB2,2064,,,,,,,,<,5.8,,,
493040,103905488,135398504,Inactive,,unknown,,,,,0.0,0.0,0.0,0.0,0.0,0.0,,,need to check,,,,,,,,,,,,,,,,,70.0,ERBB2,2064,,,,,,,,<,5.8,,,
493040,103904980,136027069,Inactive,,unknown,,,,,0.0,0.0,0.0,0.0,0.0,0.0,,,need to check,,,,,,,,,,,,,,,,,70.0,ERBB2,2064,,,,,,,,<,5.8,,,
493040,103905121,49830826,Inactive,,unknown,,,,,0.0,0.0,0.0,0.0,0.0,0.0,,,need to check,,,,,,,,,,,,,,,,,70.0,ERBB2,2064,,,,,,,,<,5.8,,,
493040,103905053,136027071,Inactive,,unknown,,,,,0.0,0.0,0.0,0.0,0.0,0.0,,,need to check,,,,,,,,,,,,,,,,,70.0,ERBB2,2064,,,,,,,,<,5.8,,,
493040,103905371,136027078,Inactive,,unknown,,,,,0.0,0.0,0.0,0.0,0.0,0.0,,,need to check,,,,,,,,,,,,,,,,,70.0,ERBB2,2064,,,,,,,,<,5.8,,,
493040,103905525,49830998,Inactive,,unknown,,,,,0.0,0.0,0.0,0.0,0.0,0.0,,,need to check,,,,,,,,,,,,,,,,,70.0,ERBB2,2064,,,,,,,,<,5.8,,,
493040,103905536,49831002,Inactive,,unknown,,,,,0.0,0.0,0.0,0.0,0.0,0.0,,,need to check,,,,,,,,,,,,,,,,,70.0,ERBB2,2064,,,,,,,,<,5.8,,,
493040,103905540,49831004,Inactive,,unknown,,,,,0.0,0.0,0.0,0.0,0.0,0.0,,,need to check,,,,,,,,,,,,,,,,,70.0,ERBB2,2064,,,,,,,,<,5.8,,,
493040,103905558,49831008,Inactive,,unknown,,,,,0.0,0.0,0.0,0.0,0.0,0.0,,,need to check,,,,,,,,,,,,,,,,,70.0,ERBB2,2064,,,,,,,,<,5.8,,,
493040,103905576,49831012,Inactive,,unknown,,,,,0.0,0.0,0.0,0.0,0.0,0.0,,,need to check,,,,,,,,,,,,,,,,,70.0,ERBB2,2064,,,,,,,,<,5.8,,,
493040,103905579,49831015,Inactive,,unknown,,,,,0.0,0.0,0.0,0.0,0.0,0.0,,,need to check,,,,,,,,,,,,,,,,,70.0,ERBB2,2064,,,,,,,,<,5.8,,,
493040,103905581,49831016,Inactive,,unknown,,,,,0.0,0.0,0.0,0.0,0.0,0.0,,,need to check,,,,,,,,,,,,,,,,,70.0,ERBB2,2064,,,,,,,,<,5.1,,,
493040,103905583,49831017,Inactive,,unknown,,,,,0.0,0.0,0.0,0.0,0.0,0.0,,,need to check,,,,,,,,,,,,,,,,,70.0,ERBB2,2064,,,,,,,,<,5.8,,,
493040,103905603,49831024,Inactive,,unknown,,,,,0.0,0.0,0.0,0.0,0.0,0.0,,,need to check,,,,,,,,,,,,,,,,,70.0,ERBB2,2064,,,,,,,,<,5.8,,,
493040,103905605,49831025,Inactive,,unknown,,,,,0.0,0.0,0.0,0.0,0.0,0.0,,,need to check,,,,,,,,,,,,,,,,,70.0,ERBB2,2064,,,,,,,,<,5.8,,,
493040,103905619,49831031,Inactive,,unknown,,,,,0.0,0.0,0.0,0.0,0.0,0.0,,,need to check,,,,,,,,,,,,,,,,,70.0,ERBB2,2064,,,,,,,,<,5.8,,,
493040,103905641,49831037,Inactive,,unknown,,,,,0.0,0.0,0.0,0.0,0.0,0.0,,,need to check,,,,,,,,,,,,,,,,,70.0,ERBB2,2064,,,,,,,,<,5.8,,,
493040,103905651,49831039,Inactive,,unknown,,,,,0.0,0.0,0.0,0.0,0.0,0.0,,,need to check,,,,,,,,,,,,,,,,,70.0,ERBB2,2064,,,,,,,,<,4.8,,,
493040,103905653,49831041,Inactive,,unknown,,,,,0.0,0.0,0.0,0.0,0.0,0.0,,,need to check,,,,,,,,,,,,,,,,,70.0,ERBB2,2064,,,,,,,,<,5.8,,,
493040,103905665,136027090,Inactive,,unknown,,,,,0.0,0.0,0.0,0.0,0.0,0.0,,,need to check,,,,,,,,,,,,,,,,,70.0,ERBB2,2064,,,,,,,,<,5.8,,,
493040,103905577,136027088,Inactive,,unknown,,,,,0.0,0.0,0.0,0.0,0.0,0.0,,,need to check,,,,,,,,,,,,,,,,,70.0,ERBB2,2064,,,,,,,,<,5.8,,,
493040,103905482,136027083,Inactive,,unknown,,,,,0.0,0.0,0.0,0.0,0.0,0.0,,,need to check,,,,,,,,,,,,,,,,,70.0,ERBB2,2064,,,,,,,,<,5.8,,,
493040,103905060,136027072,Inactive,,unknown,,,,,0.0,0.0,0.0,0.0,0.0,0.0,,,need to check,,,,,,,,,,,,,,,,,70.0,ERBB2,2064,,,,,,,,<,5.8,,,
493040,103905120,49830825,Inactive,,unknown,,,,,0.0,0.0,0.0,0.0,0.0,0.0,,,need to check,,,,,,,,,,,,,,,,,70.0,ERBB2,2064,,,,,,,,<,5.8,,,
493040,103905119,49830824,Inactive,,unknown,,,,,0.0,0.0,0.0,0.0,0.0,0.0,,,need to check,,,,,,,,,,,,,,,,,70.0,ERBB2,2064,,,,,,,,<,5.8,,,
493040,103905114,49830823,Inactive,,unknown,,,,,0.0,0.0,0.0,0.0,0.0,0.0,,,need to check,,,,,,,,,,,,,,,,,70.0,ERBB2,2064,,,,,,,,<,5.8,,,
493040,103904759,49830606,Inactive,,unknown,,,,,0.0,0.0,0.0,0.0,0.0,0.0,,,need to check,,,,,,,,,,,,,,,,,70.0,ERBB2,2064,,,,,,,,<,5.8,,,
493040,103904775,49830616,Inactive,,unknown,,,,,0.0,0.0,0.0,0.0,0.0,0.0,,,need to check,,,,,,,,,,,,,,,,,70.0,ERBB2,2064,,,,,,,,<,5.8,,,
493040,103904776,49830617,Inactive,,unknown,,,,,0.0,0.0,0.0,0.0,0.0,0.0,,,need to check,,,,,,,,,,,,,,,,,70.0,ERBB2,2064,,,,,,,,<,5.8,,,
493040,103904777,49830618,Inactive,,unknown,,,,,0.0,0.0,0.0,0.0,0.0,0.0,,,need to check,,,,,,,,,,,,,,,,,70.0,ERBB2,2064,,,,,,,,<,5.8,,,
493040,103904784,49830620,Inactive,,unknown,,,,,0.0,0.0,0.0,0.0,0.0,0.0,,,need to check,,,,,,,,,,,,,,,,,70.0,ERBB2,2064,,,,,,,,<,5.8,,,
493040,103904785,49830621,Inactive,,unknown,,,,,0.0,0.0,0.0,0.0,0.0,0.0,,,need to check,,,,,,,,,,,,,,,,,70.0,ERBB2,2064,,,,,,,,<,5.8,,,
493040,103904786,49830622,Inactive,,unknown,,,,,0.0,0.0,0.0,0.0,0.0,0.0,,,need to check,,,,,,,,,,,,,,,,,70.0,ERBB2,2064,,,,,,,,<,5.8,,,
493040,103904789,49830624,Inactive,,unknown,,,,,0.0,0.0,0.0,0.0,0.0,0.0,,,need to check,,,,,,,,,,,,,,,,,70.0,ERBB2,2064,,,,,,,,<,5.8,,,
493040,103904810,49830635,Inactive,,unknown,,,,,0.0,0.0,0.0,0.0,0.0,0.0,,,need to check,,,,,,,,,,,,,,,,,70.0,ERBB2,2064,,,,,,,,<,5.8,,,
493040,103904811,49830636,Inactive,,unknown,,,,,0.0,0.0,0.0,0.0,0.0,0.0,,,need to check,,,,,,,,,,,,,,,,,70.0,ERBB2,2064,,,,,,,,<,5.8,,,
493040,103904815,49830638,Inactive,,unknown,,,,,0.0,0.0,0.0,0.0,0.0,0.0,,,need to check,,,,,,,,,,,,,,,,,70.0,ERBB2,2064,,,,,,,,<,5.8,,,
493040,103904816,49830639,Inactive,,unknown,,,,,0.0,0.0,0.0,0.0,0.0,0.0,,,need to check,,,,,,,,,,,,,,,,,70.0,ERBB2,2064,,,,,,,,<,5.8,,,
493040,103904855,49830670,Inactive,,unknown,,,,,0.0,0.0,0.0,0.0,0.0,0.0,,,need to check,,,,,,,,,,,,,,,,,70.0,ERBB2,2064,,,,,,,,<,5.8,,,
493040,103904856,49830671,Inactive,,unknown,,,,,0.0,0.0,0.0,0.0,0.0,0.0,,,need to check,,,,,,,,,,,,,,,,,70.0,ERBB2,2064,,,,,,,,<,5.8,,,
493040,103904859,49830673,Inactive,,unknown,,,,,0.0,0.0,0.0,0.0,0.0,0.0,,,need to check,,,,,,,,,,,,,,,,,70.0,ERBB2,2064,,,,,,,,<,5.8,,,
493040,103904872,49830684,Inactive,,unknown,,,,,0.0,0.0,0.0,0.0,0.0,0.0,,,need to check,,,,,,,,,,,,,,,,,70.0,ERBB2,2064,,,,,,,,<,5.8,,,
493040,103904753,49830600,Inactive,,unknown,,,,,0.0,0.0,0.0,0.0,0.0,0.0,,,need to check,,,,,,,,,,,,,,,,,70.0,ERBB2,2064,,,,,,,,<,5.8,,,
493040,103904750,49830598,Inactive,,unknown,,,,,0.0,0.0,0.0,0.0,0.0,0.0,,,need to check,,,,,,,,,,,,,,,,,70.0,ERBB2,2064,,,,,,,,<,5.8,,,
493040,103904677,49830554,Inactive,,unknown,,,,,0.0,0.0,0.0,0.0,0.0,0.0,,,need to check,,,,,,,,,,,,,,,,,70.0,ERBB2,2064,,,,,,,,<,5.8,,,
493040,103904683,49830556,Inactive,,unknown,,,,,0.0,0.0,0.0,0.0,0.0,0.0,,,need to check,,,,,,,,,,,,,,,,,70.0,ERBB2,2064,,,,,,,,<,5.8,,,
493040,103904702,49830565,Inactive,,unknown,,,,,0.0,0.0,0.0,0.0,0.0,0.0,,,need to check,,,,,,,,,,,,,,,,,70.0,ERBB2,2064,,,,,,,,<,5.8,,,
493040,103904705,49830566,Inactive,,unknown,,,,,0.0,0.0,0.0,0.0,0.0,0.0,,,need to check,,,,,,,,,,,,,,,,,70.0,ERBB2,2064,,,,,,,,<,5.8,,,
493040,103904721,49830576,Inactive,,unknown,,,,,0.0,0.0,0.0,0.0,0.0,0.0,,,need to check,,,,,,,,,,,,,,,,,70.0,ERBB2,2064,,,,,,,,<,5.8,,,
493040,103904723,49830577,Inactive,,unknown,,,,,0.0,0.0,0.0,0.0,0.0,0.0,,,need to check,,,,,,,,,,,,,,,,,70.0,ERBB2,2064,,,,,,,,<,5.8,,,
493040,103904725,49830579,Inactive,,unknown,,,,,0.0,0.0,0.0,0.0,0.0,0.0,,,need to check,,,,,,,,,,,,,,,,,70.0,ERBB2,2064,,,,,,,,<,5.8,,,
493040,103904729,49830582,Inactive,,unknown,,,,,0.0,0.0,0.0,0.0,0.0,0.0,,,need to check,,,,,,,,,,,,,,,,,70.0,ERBB2,2064,,,,,,,,<,5.8,,,
493040,103904736,49830587,Inactive,,unknown,,,,,0.0,0.0,0.0,0.0,0.0,0.0,,,need to check,,,,,,,,,,,,,,,,,70.0,ERBB2,2064,,,,,,,,<,5.8,,,
493040,103904737,49830588,Inactive,,unknown,,,,,0.0,0.0,0.0,0.0,0.0,0.0,,,need to check,,,,,,,,,,,,,,,,,70.0,ERBB2,2064,,,,,,,,<,5.8,,,
493040,103904738,49830589,Inactive,,unknown,,,,,0.0,0.0,0.0,0.0,0.0,0.0,,,need to check,,,,,,,,,,,,,,,,,70.0,ERBB2,2064,,,,,,,,<,5.8,,,
493040,103904739,49830590,Inactive,,unknown,,,,,0.0,0.0,0.0,0.0,0.0,0.0,,,need to check,,,,,,,,,,,,,,,,,70.0,ERBB2,2064,,,,,,,,<,5.8,,,
493040,103904741,49830591,Inactive,,unknown,,,,,0.0,0.0,0.0,0.0,0.0,0.0,,,need to check,,,,,,,,,,,,,,,,,70.0,ERBB2,2064,,,,,,,,<,5.8,,,
493040,103904744,49830593,Inactive,,unknown,,,,,0.0,0.0,0.0,0.0,0.0,0.0,,,need to check,,,,,,,,,,,,,,,,,70.0,ERBB2,2064,,,,,,,,<,5.8,,,
493040,103904745,49830594,Inactive,,unknown,,,,,0.0,0.0,0.0,0.0,0.0,0.0,,,need to check,,,,,,,,,,,,,,,,,70.0,ERBB2,2064,,,,,,,,<,5.8,,,
493040,103904746,49830595,Inactive,,unknown,,,,,0.0,0.0,0.0,0.0,0.0,0.0,,,need to check,,,,,,,,,,,,,,,,,70.0,ERBB2,2064,,,,,,,,<,5.8,,,
493040,103904749,49830597,Inactive,,unknown,,,,,0.0,0.0,0.0,0.0,0.0,0.0,,,need to check,,,,,,,,,,,,,,,,,70.0,ERBB2,2064,,,,,,,,<,5.8,,,
493040,103904751,49830599,Inactive,,unknown,,,,,0.0,0.0,0.0,0.0,0.0,0.0,,,need to check,,,,,,,,,,,,,,,,,70.0,ERBB2,2064,,,,,,,,<,5.8,,,
493040,103904659,49830545,Inactive,,unknown,,,,,0.0,0.0,0.0,0.0,0.0,0.0,,,need to check,,,,,,,,,,,,,,,,,70.0,ERBB2,2064,,,,,,,,<,5.8,,,
493040,103904873,49830685,Inactive,,unknown,,,,,0.0,0.0,0.0,0.0,0.0,0.0,,,need to check,,,,,,,,,,,,,,,,,70.0,ERBB2,2064,,,,,,,,<,5.8,,,
493040,103904891,49830695,Inactive,,unknown,,,,,0.0,0.0,0.0,0.0,0.0,0.0,,,need to check,,,,,,,,,,,,,,,,,70.0,ERBB2,2064,,,,,,,,<,5.8,,,
493040,103905032,49830785,Inactive,,unknown,,,,,0.0,0.0,0.0,0.0,0.0,0.0,,,need to check,,,,,,,,,,,,,,,,,70.0,ERBB2,2064,,,,,,,,<,5.8,,,
493040,103905036,49830787,Inactive,,unknown,,,,,0.0,0.0,0.0,0.0,0.0,0.0,,,need to check,,,,,,,,,,,,,,,,,70.0,ERBB2,2064,,,,,,,,<,5.8,,,
493040,103905042,49830789,Inactive,,unknown,,,,,0.0,0.0,0.0,0.0,0.0,0.0,,,need to check,,,,,,,,,,,,,,,,,70.0,ERBB2,2064,,,,,,,,<,5.8,,,
493040,103905043,49830790,Inactive,,unknown,,,,,0.0,0.0,0.0,0.0,0.0,0.0,,,need to check,,,,,,,,,,,,,,,,,70.0,ERBB2,2064,,,,,,,,<,5.8,,,
493040,103905047,49830791,Inactive,,unknown,,,,,0.0,0.0,0.0,0.0,0.0,0.0,,,need to check,,,,,,,,,,,,,,,,,70.0,ERBB2,2064,,,,,,,,<,5.8,,,
493040,103905048,49830792,Inactive,,unknown,,,,,0.0,0.0,0.0,0.0,0.0,0.0,,,need to check,,,,,,,,,,,,,,,,,70.0,ERBB2,2064,,,,,,,,<,5.8,,,
493040,103905050,49830794,Inactive,,unknown,,,,,0.0,0.0,0.0,0.0,0.0,0.0,,,need to check,,,,,,,,,,,,,,,,,70.0,ERBB2,2064,,,,,,,,<,5.8,,,
493040,103905051,49830795,Inactive,,unknown,,,,,0.0,0.0,0.0,0.0,0.0,0.0,,,need to check,,,,,,,,,,,,,,,,,70.0,ERBB2,2064,,,,,,,,<,5.8,,,
493040,103905069,49830803,Inactive,,unknown,,,,,0.0,0.0,0.0,0.0,0.0,0.0,,,need to check,,,,,,,,,,,,,,,,,70.0,ERBB2,2064,,,,,,,,<,5.8,,,
493040,103905074,49830805,Inactive,,unknown,,,,,0.0,0.0,0.0,0.0,0.0,0.0,,,need to check,,,,,,,,,,,,,,,,,70.0,ERBB2,2064,,,,,,,,<,4.8,,,
493040,103905076,49830806,Inactive,,unknown,,,,,0.0,0.0,0.0,0.0,0.0,0.0,,,need to check,,,,,,,,,,,,,,,,,70.0,ERBB2,2064,,,,,,,,<,5.8,,,
493040,103905091,49830813,Inactive,,unknown,,,,,0.0,0.0,0.0,0.0,0.0,0.0,,,need to check,,,,,,,,,,,,,,,,,70.0,ERBB2,2064,,,,,,,,<,5.8,,,
493040,103905092,49830814,Inactive,,unknown,,,,,0.0,0.0,0.0,0.0,0.0,0.0,,,need to check,,,,,,,,,,,,,,,,,70.0,ERBB2,2064,,,,,,,,<,5.8,,,
493040,103905095,49830817,Inactive,,unknown,,,,,0.0,0.0,0.0,0.0,0.0,0.0,,,need to check,,,,,,,,,,,,,,,,,70.0,ERBB2,2064,,,,,,,,<,5.8,,,
493040,103905096,49830818,Inactive,,unknown,,,,,0.0,0.0,0.0,0.0,0.0,0.0,,,need to check,,,,,,,,,,,,,,,,,70.0,ERBB2,2064,,,,,,,,<,5.8,,,
493040,103905097,49830819,Inactive,,unknown,,,,,0.0,0.0,0.0,0.0,0.0,0.0,,,need to check,,,,,,,,,,,,,,,,,70.0,ERBB2,2064,,,,,,,,<,5.8,,,
493040,103905001,49830762,Inactive,,unknown,,,,,0.0,0.0,0.0,0.0,0.0,0.0,,,need to check,,,,,,,,,,,,,,,,,70.0,ERBB2,2064,,,,,,,,<,5.8,,,
493040,103904882,49830693,Inactive,,unknown,,,,,0.0,0.0,0.0,0.0,0.0,0.0,,,need to check,,,,,,,,,,,,,,,,,70.0,ERBB2,2064,,,,,,,,<,5.8,,,
493040,103904999,49830760,Inactive,,unknown,,,,,0.0,0.0,0.0,0.0,0.0,0.0,,,need to check,,,,,,,,,,,,,,,,,70.0,ERBB2,2064,,,,,,,,<,5.8,,,
493040,103904997,49830758,Inactive,,unknown,,,,,0.0,0.0,0.0,0.0,0.0,0.0,,,need to check,,,,,,,,,,,,,,,,,70.0,ERBB2,2064,,,,,,,,<,5.8,,,
493040,103904892,49830696,Inactive,,unknown,,,,,0.0,0.0,0.0,0.0,0.0,0.0,,,need to check,,,,,,,,,,,,,,,,,70.0,ERBB2,2064,,,,,,,,<,5.8,,,
493040,103904896,49830698,Inactive,,unknown,,,,,0.0,0.0,0.0,0.0,0.0,0.0,,,need to check,,,,,,,,,,,,,,,,,70.0,ERBB2,2064,,,,,,,,<,5.8,,,
493040,103904897,49830699,Inactive,,unknown,,,,,0.0,0.0,0.0,0.0,0.0,0.0,,,need to check,,,,,,,,,,,,,,,,,70.0,ERBB2,2064,,,,,,,,<,5.8,,,
493040,103904898,49830700,Inactive,,unknown,,,,,0.0,0.0,0.0,0.0,0.0,0.0,,,need to check,,,,,,,,,,,,,,,,,70.0,ERBB2,2064,,,,,,,,<,5.8,,,
493040,103904899,49830701,Inactive,,unknown,,,,,0.0,0.0,0.0,0.0,0.0,0.0,,,need to check,,,,,,,,,,,,,,,,,70.0,ERBB2,2064,,,,,,,,<,5.8,,,
493040,103904900,49830702,Inactive,,unknown,,,,,0.0,0.0,0.0,0.0,0.0,0.0,,,need to check,,,,,,,,,,,,,,,,,70.0,ERBB2,2064,,,,,,,,<,5.8,,,
493040,103904901,49830703,Inactive,,unknown,,,,,0.0,0.0,0.0,0.0,0.0,0.0,,,need to check,,,,,,,,,,,,,,,,,70.0,ERBB2,2064,,,,,,,,<,5.8,,,
493040,103904908,49830708,Inactive,,unknown,,,,,0.0,0.0,0.0,0.0,0.0,0.0,,,need to check,,,,,,,,,,,,,,,,,70.0,ERBB2,2064,,,,,,,,<,5.8,,,
493040,103904937,49830729,Inactive,,unknown,,,,,0.0,0.0,0.0,0.0,0.0,0.0,,,need to check,,,,,,,,,,,,,,,,,70.0,ERBB2,2064,,,,,,,,<,5.8,,,
493040,103904938,49830730,Inactive,,unknown,,,,,0.0,0.0,0.0,0.0,0.0,0.0,,,need to check,,,,,,,,,,,,,,,,,70.0,ERBB2,2064,,,,,,,,<,5.8,,,
493040,103904940,49830731,Inactive,,unknown,,,,,0.0,0.0,0.0,0.0,0.0,0.0,,,need to check,,,,,,,,,,,,,,,,,70.0,ERBB2,2064,,,,,,,,<,5.8,,,
493040,103904950,49830739,Inactive,,unknown,,,,,0.0,0.0,0.0,0.0,0.0,0.0,,,need to check,,,,,,,,,,,,,,,,,70.0,ERBB2,2064,,,,,,,,<,5.8,,,
493040,103904967,49830744,Inactive,,unknown,,,,,0.0,0.0,0.0,0.0,0.0,0.0,,,need to check,,,,,,,,,,,,,,,,,70.0,ERBB2,2064,,,,,,,,<,5.8,,,
493040,103904968,49830745,Inactive,,unknown,,,,,0.0,0.0,0.0,0.0,0.0,0.0,,,need to check,,,,,,,,,,,,,,,,,70.0,ERBB2,2064,,,,,,,,<,5.8,,,
493040,103904969,49830746,Inactive,,unknown,,,,,0.0,0.0,0.0,0.0,0.0,0.0,,,need to check,,,,,,,,,,,,,,,,,70.0,ERBB2,2064,,,,,,,,<,5.8,,,
493040,103904993,49830757,Inactive,,unknown,,,,,0.0,0.0,0.0,0.0,0.0,0.0,,,need to check,,,,,,,,,,,,,,,,,70.0,ERBB2,2064,,,,,,,,<,5.8,,,
493040,103904998,49830759,Inactive,,unknown,,,,,0.0,0.0,0.0,0.0,0.0,0.0,,,need to check,,,,,,,,,,,,,,,,,70.0,ERBB2,2064,,,,,,,,<,5.8,,,
493040,103904470,22607336,Inactive,,unknown,,,,,0.0,0.0,0.0,0.0,0.0,0.0,,,need to check,,,,,,,,,,,,,,,,,70.0,ERBB2,2064,,,,,,,,<,5.8,,,
493040,103904350,49830376,Inactive,,unknown,,,,,0.0,0.0,0.0,0.0,0.0,0.0,,,need to check,,,,,,,,,,,,,,,,,70.0,ERBB2,2064,,,,,,,,<,5.8,,,
493040,103905106,10286133,Inactive,,unknown,,,,,0.0,0.0,0.0,0.0,0.0,0.0,,,need to check,,,,,,,,,,,,,,,,,70.0,ERBB2,2064,,,,,,,,<,5.8,,,
493040,103905231,10200390,Inactive,,unknown,,,,,0.0,0.0,0.0,0.0,0.0,0.0,,,need to check,,,,,,,,,,,,,,,,,70.0,ERBB2,2064,,,,,,,,<,5.8,,,
493040,103905233,10110877,Inactive,,unknown,,,,,0.0,0.0,0.0,0.0,0.0,0.0,,,need to check,,,,,,,,,,,,,,,,,70.0,ERBB2,2064,,,,,,,,<,5.8,,,
493040,103904995,10073297,Inactive,,unknown,,,,,0.0,0.0,0.0,0.0,0.0,0.0,,,need to check,,,,,,,,,,,,,,,,,70.0,ERBB2,2064,,,,,,,,<,5.8,,,
493040,103904365,10067064,Inactive,,unknown,,,,,0.0,0.0,0.0,0.0,0.0,0.0,,,need to check,,,,,,,,,,,,,,,,,70.0,ERBB2,2064,,,,,,,,<,5.8,,,
493040,103904275,10043997,Inactive,,unknown,,,,,0.0,0.0,0.0,0.0,0.0,0.0,,,need to check,,,,,,,,,,,,,,,,,70.0,ERBB2,2064,,,,,,,,<,5.8,,,
493040,103904712,9981692,Inactive,,unknown,,,,,0.0,0.0,0.0,0.0,0.0,0.0,,,need to check,,,,,,,,,,,,,,,,,70.0,ERBB2,2064,,,,,,,,<,5.8,,,
493040,103904994,9956874,Inactive,,unknown,,,,,0.0,0.0,0.0,0.0,0.0,0.0,,,need to check,,,,,,,,,,,,,,,,,70.0,ERBB2,2064,,,,,,,,<,5.8,,,
493040,103905640,9956119,Inactive,,unknown,,,,,0.0,0.0,0.0,0.0,0.0,0.0,,,need to check,,,,,,,,,,,,,,,,,70.0,ERBB2,2064,,,,,,,,<,5.8,,,
493040,103905024,9952773,Inactive,,unknown,,,,,0.0,0.0,0.0,0.0,0.0,0.0,,,need to check,,,,,,,,,,,,,,,,,70.0,ERBB2,2064,,,,,,,,<,6.0,,,
493040,103904329,9950716,Inactive,,unknown,,,,,0.0,0.0,0.0,0.0,0.0,0.0,,,need to check,,,,,,,,,,,,,,,,,70.0,ERBB2,2064,,,,,,,,<,5.8,,,
493040,103905372,9946124,Inactive,,unknown,,,,,0.0,0.0,0.0,0.0,0.0,0.0,,,need to check,,,,,,,,,,,,,,,,,70.0,ERBB2,2064,,,,,,,,<,5.8,,,
493040,103905046,9906347,Inactive,,unknown,,,,,0.0,0.0,0.0,0.0,0.0,0.0,,,need to check,,,,,,,,,,,,,,,,,70.0,ERBB2,2064,,,,,,,,<,5.8,,,
493040,103904688,9905711,Inactive,,unknown,,,,,0.0,0.0,0.0,0.0,0.0,0.0,,,need to check,,,,,,,,,,,,,,,,,70.0,ERBB2,2064,,,,,,,,<,5.8,,,
493040,103904294,6540003,Inactive,,unknown,,,,,0.0,0.0,0.0,0.0,0.0,0.0,,,need to check,,,,,,,,,,,,,,,,,70.0,ERBB2,2064,,,,,,,,<,5.8,,,
493040,103904348,6540027,Inactive,,unknown,,,,,0.0,0.0,0.0,0.0,0.0,0.0,,,need to check,,,,,,,,,,,,,,,,,70.0,ERBB2,2064,,,,,,,,<,5.8,,,
493040,103905622,9811611,Inactive,,unknown,,,,,0.0,0.0,0.0,0.0,0.0,0.0,,,need to check,,,,,,,,,,,,,,,,,70.0,ERBB2,2064,,,,,,,,<,5.8,,,
493040,103905510,9814156,Inactive,,unknown,,,,,0.0,0.0,0.0,0.0,0.0,0.0,,,need to check,,,,,,,,,,,,,,,,,70.0,ERBB2,2064,,,,,,,,<,5.8,,,
493040,103905419,9818231,Inactive,,unknown,,,,,0.0,0.0,0.0,0.0,0.0,0.0,,,need to check,,,,,,,,,,,,,,,,,70.0,ERBB2,2064,,,,,,,,<,5.8,,,
493040,103904713,10317442,Inactive,,unknown,,,,,0.0,0.0,0.0,0.0,0.0,0.0,,,need to check,,,,,,,,,,,,,,,,,70.0,ERBB2,2064,,,,,,,,<,5.8,,,
493040,103905614,9820195,Inactive,,unknown,,,,,0.0,0.0,0.0,0.0,0.0,0.0,,,need to check,,,,,,,,,,,,,,,,,70.0,ERBB2,2064,,,,,,,,<,5.8,,,
493040,103905256,9863367,Inactive,,unknown,,,,,0.0,0.0,0.0,0.0,0.0,0.0,,,need to check,,,,,,,,,,,,,,,,,70.0,ERBB2,2064,,,,,,,,<,5.8,,,
493040,103904277,9868229,Inactive,,unknown,,,,,0.0,0.0,0.0,0.0,0.0,0.0,,,need to check,,,,,,,,,,,,,,,,,70.0,ERBB2,2064,,,,,,,,<,5.8,,,
493040,103904939,9881974,Inactive,,unknown,,,,,0.0,0.0,0.0,0.0,0.0,0.0,,,need to check,,,,,,,,,,,,,,,,,70.0,ERBB2,2064,,,,,,,,<,5.8,,,
493040,103905676,9885023,Inactive,,unknown,,,,,0.0,0.0,0.0,0.0,0.0,0.0,,,need to check,,,,,,,,,,,,,,,,,70.0,ERBB2,2064,,,,,,,,<,5.8,,,
493040,103904595,9891182,Inactive,,unknown,,,,,0.0,0.0,0.0,0.0,0.0,0.0,,,need to check,,,,,,,,,,,,,,,,,70.0,ERBB2,2064,,,,,,,,<,5.8,,,
493040,103904996,9825149,Inactive,,unknown,,,,,0.0,0.0,0.0,0.0,0.0,0.0,,,need to check,,,,,,,,,,,,,,,,,70.0,ERBB2,2064,,,,,,,,<,5.8,,,
493040,103904368,10338500,Inactive,,unknown,,,,,0.0,0.0,0.0,0.0,0.0,0.0,,,need to check,,,,,,,,,,,,,,,,,70.0,ERBB2,2064,,,,,,,,<,5.8,,,
493040,103905593,10364560,Inactive,,unknown,,,,,0.0,0.0,0.0,0.0,0.0,0.0,,,need to check,,,,,,,,,,,,,,,,,70.0,ERBB2,2064,,,,,,,,<,5.8,,,
493040,103905260,10389239,Inactive,,unknown,,,,,0.0,0.0,0.0,0.0,0.0,0.0,,,need to check,,,,,,,,,,,,,,,,,70.0,ERBB2,2064,,,,,,,,<,5.8,,,
493040,103905625,11406590,Inactive,,unknown,,,,,0.0,0.0,0.0,0.0,0.0,0.0,,,need to check,,,,,,,,,,,,,,,,,70.0,ERBB2,2064,,,,,,,,<,5.8,,,
493040,103904857,11407183,Inactive,,unknown,,,,,0.0,0.0,0.0,0.0,0.0,0.0,,,need to check,,,,,,,,,,,,,,,,,70.0,ERBB2,2064,,,,,,,,<,5.8,,,
493040,103905149,11430448,Inactive,,unknown,,,,,0.0,0.0,0.0,0.0,0.0,0.0,,,need to check,,,,,,,,,,,,,,,,,70.0,ERBB2,2064,,,,,,,,<,5.8,,,
493040,103905464,11442386,Inactive,,unknown,,,,,0.0,0.0,0.0,0.0,0.0,0.0,,,need to check,,,,,,,,,,,,,,,,,70.0,ERBB2,2064,,,,,,,,<,5.8,,,
493040,103904297,11442914,Inactive,,unknown,,,,,0.0,0.0,0.0,0.0,0.0,0.0,,,need to check,,,,,,,,,,,,,,,,,70.0,ERBB2,2064,,,,,,,,<,5.8,,,
493040,103904351,11463885,Inactive,,unknown,,,,,0.0,0.0,0.0,0.0,0.0,0.0,,,need to check,,,,,,,,,,,,,,,,,70.0,ERBB2,2064,,,,,,,,<,5.8,,,
493040,103905152,11397177,Inactive,,unknown,,,,,0.0,0.0,0.0,0.0,0.0,0.0,,,need to check,,,,,,,,,,,,,,,,,70.0,ERBB2,2064,,,,,,,,<,5.8,,,
493040,103904340,11485656,Inactive,,unknown,,,,,0.0,0.0,0.0,0.0,0.0,0.0,,,need to check,,,,,,,,,,,,,,,,,70.0,ERBB2,2064,,,,,,,,<,5.8,,,
493040,103905193,11539329,Inactive,,unknown,,,,,0.0,0.0,0.0,0.0,0.0,0.0,,,need to check,,,,,,,,,,,,,,,,,70.0,ERBB2,2064,,,,,,,,<,5.8,,,
493040,103904201,11565683,Inactive,,unknown,,,,,0.0,0.0,0.0,0.0,0.0,0.0,,,need to check,,,,,,,,,,,,,,,,,70.0,ERBB2,2064,,,,,,,,<,5.8,,,
493040,103904638,11577250,Inactive,,unknown,,,,,0.0,0.0,0.0,0.0,0.0,0.0,,,need to check,,,,,,,,,,,,,,,,,70.0,ERBB2,2064,,,,,,,,<,5.8,,,
493040,103904339,11588815,Inactive,,unknown,,,,,0.0,0.0,0.0,0.0,0.0,0.0,,,need to check,,,,,,,,,,,,,,,,,70.0,ERBB2,2064,,,,,,,,<,5.8,,,
493040,103905197,11590363,Inactive,,unknown,,,,,0.0,0.0,0.0,0.0,0.0,0.0,,,need to check,,,,,,,,,,,,,,,,,70.0,ERBB2,2064,,,,,,,,<,5.8,,,
493040,103905247,11597571,Inactive,,unknown,,,,,0.0,0.0,0.0,0.0,0.0,0.0,,,need to check,,,,,,,,,,,,,,,,,70.0,ERBB2,2064,,,,,,,,<,5.8,,,
493040,103904276,6539985,Inactive,,unknown,,,,,0.0,0.0,0.0,0.0,0.0,0.0,,,need to check,,,,,,,,,,,,,,,,,70.0,ERBB2,2064,,,,,,,,<,5.8,,,
493040,103905150,11362471,Inactive,,unknown,,,,,0.0,0.0,0.0,0.0,0.0,0.0,,,need to check,,,,,,,,,,,,,,,,,70.0,ERBB2,2064,,,,,,,,<,5.8,,,
493040,103904333,11314310,Inactive,,unknown,,,,,0.0,0.0,0.0,0.0,0.0,0.0,,,need to check,,,,,,,,,,,,,,,,,70.0,ERBB2,2064,,,,,,,,<,5.8,,,
493040,103905145,10391182,Inactive,,unknown,,,,,0.0,0.0,0.0,0.0,0.0,0.0,,,need to check,,,,,,,,,,,,,,,,,70.0,ERBB2,2064,,,,,,,,<,5.8,,,
493040,103904357,10409523,Inactive,,unknown,,,,,0.0,0.0,0.0,0.0,0.0,0.0,,,need to check,,,,,,,,,,,,,,,,,70.0,ERBB2,2064,,,,,,,,<,5.8,,,
493040,103905430,10409707,Inactive,,unknown,,,,,0.0,0.0,0.0,0.0,0.0,0.0,,,need to check,,,,,,,,,,,,,,,,,70.0,ERBB2,2064,,,,,,,,<,5.8,,,
493040,103904279,11156716,Inactive,,unknown,,,,,0.0,0.0,0.0,0.0,0.0,0.0,,,need to check,,,,,,,,,,,,,,,,,70.0,ERBB2,2064,,,,,,,,<,5.8,,,
493040,103905033,11164136,Inactive,,unknown,,,,,0.0,0.0,0.0,0.0,0.0,0.0,,,need to check,,,,,,,,,,,,,,,,,70.0,ERBB2,2064,,,,,,,,<,5.8,,,
493040,103904332,11189864,Inactive,,unknown,,,,,0.0,0.0,0.0,0.0,0.0,0.0,,,need to check,,,,,,,,,,,,,,,,,70.0,ERBB2,2064,,,,,,,,<,5.8,,,
493040,103904381,11338239,Inactive,,unknown,,,,,0.0,0.0,0.0,0.0,0.0,0.0,,,need to check,,,,,,,,,,,,,,,,,70.0,ERBB2,2064,,,,,,,,<,5.8,,,
493040,103904649,11210054,Inactive,,unknown,,,,,0.0,0.0,0.0,0.0,0.0,0.0,,,need to check,,,,,,,,,,,,,,,,,70.0,ERBB2,2064,,,,,,,,<,5.8,,,
493040,103905248,11221493,Inactive,,unknown,,,,,0.0,0.0,0.0,0.0,0.0,0.0,,,need to check,,,,,,,,,,,,,,,,,70.0,ERBB2,2064,,,,,,,,<,5.8,,,
493040,103904370,11244819,Inactive,,unknown,,,,,0.0,0.0,0.0,0.0,0.0,0.0,,,need to check,,,,,,,,,,,,,,,,,70.0,ERBB2,2064,,,,,,,,<,5.8,,,
493040,103905034,11268820,Inactive,,unknown,,,,,0.0,0.0,0.0,0.0,0.0,0.0,,,need to check,,,,,,,,,,,,,,,,,70.0,ERBB2,2064,,,,,,,,<,5.8,,,
493040,103904367,11292807,Inactive,,unknown,,,,,0.0,0.0,0.0,0.0,0.0,0.0,,,need to check,,,,,,,,,,,,,,,,,70.0,ERBB2,2064,,,,,,,,<,5.8,,,
493040,103905148,11293798,Inactive,,unknown,,,,,0.0,0.0,0.0,0.0,0.0,0.0,,,need to check,,,,,,,,,,,,,,,,,70.0,ERBB2,2064,,,,,,,,<,5.8,,,
493040,103904319,11306240,Inactive,,unknown,,,,,0.0,0.0,0.0,0.0,0.0,0.0,,,need to check,,,,,,,,,,,,,,,,,70.0,ERBB2,2064,,,,,,,,<,5.8,,,
493040,103905189,11624601,Inactive,,unknown,,,,,0.0,0.0,0.0,0.0,0.0,0.0,,,need to check,,,,,,,,,,,,,,,,,70.0,ERBB2,2064,,,,,,,,<,5.8,,,
493040,103905441,6538897,Inactive,,unknown,,,,,0.0,0.0,0.0,0.0,0.0,0.0,,,need to check,,,,,,,,,,,,,,,,,70.0,ERBB2,2064,,,,,,,,<,5.8,,,
493040,103904646,712193,Inactive,,unknown,,,,,0.0,0.0,0.0,0.0,0.0,0.0,,,need to check,,,,,,,,,,,,,,,,,70.0,ERBB2,2064,,,,,,,,<,5.8,,,
493040,103905425,695484,Inactive,,unknown,,,,,0.0,0.0,0.0,0.0,0.0,0.0,,,need to check,,,,,,,,,,,,,,,,,70.0,ERBB2,2064,,,,,,,,<,5.8,,,
493040,103904610,667926,Inactive,,unknown,,,,,0.0,0.0,0.0,0.0,0.0,0.0,,,need to check,,,,,,,,,,,,,,,,,70.0,ERBB2,2064,,,,,,,,<,5.8,,,
493040,103904963,623415,Inactive,,unknown,,,,,0.0,0.0,0.0,0.0,0.0,0.0,,,need to check,,,,,,,,,,,,,,,,,70.0,ERBB2,2064,,,,,,,,<,5.8,,,
493040,103904634,448014,Inactive,,unknown,,,,,0.0,0.0,0.0,0.0,0.0,0.0,,,need to check,,,,,,,,,,,,,,,,,70.0,ERBB2,2064,,,,,,,,<,5.8,,,
493040,103905437,447873,Inactive,,unknown,,,,,0.0,0.0,0.0,0.0,0.0,0.0,,,need to check,,,,,,,,,,,,,,,,,70.0,ERBB2,2064,,,,,,,,<,5.8,,,
493040,103905283,404051,Inactive,,unknown,,,,,0.0,0.0,0.0,0.0,0.0,0.0,,,need to check,,,,,,,,,,,,,,,,,70.0,ERBB2,2064,,,,,,,,<,4.8,,,
493040,103905210,233113,Inactive,,unknown,,,,,0.0,0.0,0.0,0.0,0.0,0.0,,,need to check,,,,,,,,,,,,,,,,,70.0,ERBB2,2064,,,,,,,,<,5.8,,,
493040,103904444,216239,Inactive,,unknown,,,,,0.0,0.0,0.0,0.0,0.0,0.0,,,need to check,,,,,,,,,,,,,,,,,70.0,ERBB2,2064,,,,,,,,<,5.8,,,
493040,103905113,206042,Inactive,,unknown,,,,,0.0,0.0,0.0,0.0,0.0,0.0,,,need to check,,,,,,,,,,,,,,,,,70.0,ERBB2,2064,,,,,,,,<,5.8,,,
493040,103904709,201327,Inactive,,unknown,,,,,0.0,0.0,0.0,0.0,0.0,0.0,,,need to check,,,,,,,,,,,,,,,,,70.0,ERBB2,2064,,,,,,,,<,5.1,,,
493040,103904989,176155,Inactive,,unknown,,,,,0.0,0.0,0.0,0.0,0.0,0.0,,,need to check,,,,,,,,,,,,,,,,,70.0,ERBB2,2064,,,,,,,,<,5.9,,,
493040,103904953,3536,Inactive,,unknown,,,,,0.0,0.0,0.0,0.0,0.0,0.0,,,need to check,,,,,,,,,,,,,,,,,70.0,ERBB2,2064,,,,,,,,<,5.8,,,
493040,103905082,3541,Inactive,,unknown,,,,,0.0,0.0,0.0,0.0,0.0,0.0,,,need to check,,,,,,,,,,,,,,,,,70.0,ERBB2,2064,,,,,,,,<,5.8,,,
493040,103905390,3547,Inactive,,unknown,,,,,0.0,0.0,0.0,0.0,0.0,0.0,,,need to check,,,,,,,,,,,,,,,,,70.0,ERBB2,2064,,,,,,,,<,5.8,,,
493040,103905487,3820,Inactive,,unknown,,,,,0.0,0.0,0.0,0.0,0.0,0.0,,,need to check,,,,,,,,,,,,,,,,,70.0,ERBB2,2064,,,,,,,,<,5.8,,,
493040,103905253,5164,Inactive,,unknown,,,,,0.0,0.0,0.0,0.0,0.0,0.0,,,need to check,,,,,,,,,,,,,,,,,70.0,ERBB2,2064,,,,,,,,<,5.8,,,
493040,103905662,794531,Inactive,,unknown,,,,,0.0,0.0,0.0,0.0,0.0,0.0,,,need to check,,,,,,,,,,,,,,,,,70.0,ERBB2,2064,,,,,,,,<,5.8,,,
493040,103905255,5166,Inactive,,unknown,,,,,0.0,0.0,0.0,0.0,0.0,0.0,,,need to check,,,,,,,,,,,,,,,,,70.0,ERBB2,2064,,,,,,,,<,5.8,,,
493040,103904954,5711,Inactive,,unknown,,,,,0.0,0.0,0.0,0.0,0.0,0.0,,,need to check,,,,,,,,,,,,,,,,,70.0,ERBB2,2064,,,,,,,,<,5.8,,,
493040,103905112,123015,Inactive,,unknown,,,,,0.0,0.0,0.0,0.0,0.0,0.0,,,need to check,,,,,,,,,,,,,,,,,70.0,ERBB2,2064,,,,,,,,<,5.8,,,
493040,103905548,151194,Inactive,,unknown,,,,,0.0,0.0,0.0,0.0,0.0,0.0,,,need to check,,,,,,,,,,,,,,,,,70.0,ERBB2,2064,,,,,,,,<,5.8,,,
493040,103904828,156422,Inactive,,unknown,,,,,0.0,0.0,0.0,0.0,0.0,0.0,,,need to check,,,,,,,,,,,,,,,,,70.0,ERBB2,2064,,,,,,,,<,5.8,,,
493040,103905596,5291,Inactive,,unknown,,,,,0.0,0.0,0.0,0.0,0.0,0.0,,,need to check,,,,,,,,,,,,,,,,,70.0,ERBB2,2064,,,,,,,,<,5.8,,,
493040,103905481,1268887,Inactive,,unknown,,,,,0.0,0.0,0.0,0.0,0.0,0.0,,,need to check,,,,,,,,,,,,,,,,,70.0,ERBB2,2064,,,,,,,,<,5.8,,,
493040,103905585,1568886,Inactive,,unknown,,,,,0.0,0.0,0.0,0.0,0.0,0.0,,,need to check,,,,,,,,,,,,,,,,,70.0,ERBB2,2064,,,,,,,,<,5.8,,,
493040,103905141,2044508,Inactive,,unknown,,,,,0.0,0.0,0.0,0.0,0.0,0.0,,,need to check,,,,,,,,,,,,,,,,,70.0,ERBB2,2064,,,,,,,,<,5.8,,,
493040,103905100,3453573,Inactive,,unknown,,,,,0.0,0.0,0.0,0.0,0.0,0.0,,,need to check,,,,,,,,,,,,,,,,,70.0,ERBB2,2064,,,,,,,,<,5.8,,,
493040,103905628,3662552,Inactive,,unknown,,,,,0.0,0.0,0.0,0.0,0.0,0.0,,,need to check,,,,,,,,,,,,,,,,,70.0,ERBB2,2064,,,,,,,,<,5.8,,,
493040,103905509,4121107,Inactive,,unknown,,,,,0.0,0.0,0.0,0.0,0.0,0.0,,,need to check,,,,,,,,,,,,,,,,,70.0,ERBB2,2064,,,,,,,,<,5.8,,,
493040,103905204,4306353,Inactive,,unknown,,,,,0.0,0.0,0.0,0.0,0.0,0.0,,,need to check,,,,,,,,,,,,,,,,,70.0,ERBB2,2064,,,,,,,,<,5.8,,,
493040,103904809,4982682,Inactive,,unknown,,,,,0.0,0.0,0.0,0.0,0.0,0.0,,,need to check,,,,,,,,,,,,,,,,,70.0,ERBB2,2064,,,,,,,,<,5.8,,,
493040,103905621,5005498,Inactive,,unknown,,,,,0.0,0.0,0.0,0.0,0.0,0.0,,,need to check,,,,,,,,,,,,,,,,,70.0,ERBB2,2064,,,,,,,,<,5.8,,,
493040,103905318,3449643,Inactive,,unknown,,,,,0.0,0.0,0.0,0.0,0.0,0.0,,,need to check,,,,,,,,,,,,,,,,,70.0,ERBB2,2064,,,,,,,,<,5.8,,,
493040,103904377,5329895,Inactive,,unknown,,,,,0.0,0.0,0.0,0.0,0.0,0.0,,,need to check,,,,,,,,,,,,,,,,,70.0,ERBB2,2064,,,,,,,,<,5.8,,,
493040,103904360,5329902,Inactive,,unknown,,,,,0.0,0.0,0.0,0.0,0.0,0.0,,,need to check,,,,,,,,,,,,,,,,,70.0,ERBB2,2064,,,,,,,,<,5.8,,,
493040,103905277,5466794,Inactive,,unknown,,,,,0.0,0.0,0.0,0.0,0.0,0.0,,,need to check,,,,,,,,,,,,,,,,,70.0,ERBB2,2064,,,,,,,,<,5.8,,,
493040,103905648,5494449,Inactive,,unknown,,,,,0.0,0.0,0.0,0.0,0.0,0.0,,,need to check,,,,,,,,,,,,,,,,,70.0,ERBB2,2064,,,,,,,,<,5.8,,,
493040,103905492,6263849,Inactive,,unknown,,,,,0.0,0.0,0.0,0.0,0.0,0.0,,,need to check,,,,,,,,,,,,,,,,,70.0,ERBB2,2064,,,,,,,,<,5.8,,,
493040,103904403,6420138,Inactive,,unknown,,,,,0.0,0.0,0.0,0.0,0.0,0.0,,,need to check,,,,,,,,,,,,,,,,,70.0,ERBB2,2064,,,,,,,,<,5.8,,,
493040,103904337,5329880,Inactive,,unknown,,,,,0.0,0.0,0.0,0.0,0.0,0.0,,,need to check,,,,,,,,,,,,,,,,,70.0,ERBB2,2064,,,,,,,,<,5.8,,,
493040,103905385,6539560,Inactive,,unknown,,,,,0.0,0.0,0.0,0.0,0.0,0.0,,,need to check,,,,,,,,,,,,,,,,,70.0,ERBB2,2064,,,,,,,,<,5.8,,,
493040,103905447,3392643,Inactive,,unknown,,,,,0.0,0.0,0.0,0.0,0.0,0.0,,,need to check,,,,,,,,,,,,,,,,,70.0,ERBB2,2064,,,,,,,,<,4.8,,,
493040,103905360,2727417,Inactive,,unknown,,,,,0.0,0.0,0.0,0.0,0.0,0.0,,,need to check,,,,,,,,,,,,,,,,,70.0,ERBB2,2064,,,,,,,,<,5.8,,,
493040,103905409,2744272,Inactive,,unknown,,,,,0.0,0.0,0.0,0.0,0.0,0.0,,,need to check,,,,,,,,,,,,,,,,,70.0,ERBB2,2064,,,,,,,,<,5.8,,,
493040,103904448,2797247,Inactive,,unknown,,,,,0.0,0.0,0.0,0.0,0.0,0.0,,,need to check,,,,,,,,,,,,,,,,,70.0,ERBB2,2064,,,,,,,,<,5.8,,,
493040,103905102,2813676,Inactive,,unknown,,,,,0.0,0.0,0.0,0.0,0.0,0.0,,,need to check,,,,,,,,,,,,,,,,,70.0,ERBB2,2064,,,,,,,,<,5.8,,,
493040,103905205,2831603,Inactive,,unknown,,,,,0.0,0.0,0.0,0.0,0.0,0.0,,,need to check,,,,,,,,,,,,,,,,,70.0,ERBB2,2064,,,,,,,,<,5.8,,,
493040,103905103,3155438,Inactive,,unknown,,,,,0.0,0.0,0.0,0.0,0.0,0.0,,,need to check,,,,,,,,,,,,,,,,,70.0,ERBB2,2064,,,,,,,,<,5.8,,,
493040,103904926,2858224,Inactive,,unknown,,,,,0.0,0.0,0.0,0.0,0.0,0.0,,,need to check,,,,,,,,,,,,,,,,,70.0,ERBB2,2064,,,,,,,,<,5.8,,,
493040,103905206,2868675,Inactive,,unknown,,,,,0.0,0.0,0.0,0.0,0.0,0.0,,,need to check,,,,,,,,,,,,,,,,,70.0,ERBB2,2064,,,,,,,,<,5.8,,,
493040,103905342,3038522,Inactive,,unknown,,,,,0.0,0.0,0.0,0.0,0.0,0.0,,,need to check,,,,,,,,,,,,,,,,,70.0,ERBB2,2064,,,,,,,,<,5.8,,,
493040,103905630,3038525,Inactive,,unknown,,,,,0.0,0.0,0.0,0.0,0.0,0.0,,,need to check,,,,,,,,,,,,,,,,,70.0,ERBB2,2064,,,,,,,,<,5.8,,,
493040,103904478,22607266,Inactive,,unknown,,,,,0.0,0.0,0.0,0.0,0.0,0.0,,,need to check,,,,,,,,,,,,,,,,,70.0,ERBB2,2064,,,,,,,,<,5.8,,,
493040,103905670,3086686,Inactive,,unknown,,,,,0.0,0.0,0.0,0.0,0.0,0.0,,,need to check,,,,,,,,,,,,,,,,,70.0,ERBB2,2064,,,,,,,,<,5.8,,,
493040,103905618,2858816,Inactive,,unknown,,,,,0.0,0.0,0.0,0.0,0.0,0.0,,,need to check,,,,,,,,,,,,,,,,,70.0,ERBB2,2064,,,,,,,,<,5.8,,,
493040,103905463,11640390,Inactive,,unknown,,,,,0.0,0.0,0.0,0.0,0.0,0.0,,,need to check,,,,,,,,,,,,,,,,,70.0,ERBB2,2064,,,,,,,,<,5.8,,,
493040,103905539,3086685,Inactive,,unknown,,,,,0.0,0.0,0.0,0.0,0.0,0.0,,,need to check,,,,,,,,,,,,,,,,,70.0,ERBB2,2064,,,,,,,,<,5.8,,,
493040,103905472,16727123,Inactive,,unknown,,,,,0.0,0.0,0.0,0.0,0.0,0.0,,,need to check,,,,,,,,,,,,,,,,,70.0,ERBB2,2064,,,,,,,,<,5.8,,,
493040,103904742,15941246,Inactive,,unknown,,,,,0.0,0.0,0.0,0.0,0.0,0.0,,,need to check,,,,,,,,,,,,,,,,,70.0,ERBB2,2064,,,,,,,,<,5.8,,,
493040,103904527,16661285,Inactive,,unknown,,,,,0.0,0.0,0.0,0.0,0.0,0.0,,,need to check,,,,,,,,,,,,,,,,,70.0,ERBB2,2064,,,,,,,,<,5.8,,,
493040,103904812,16220223,Inactive,,unknown,,,,,0.0,0.0,0.0,0.0,0.0,0.0,,,need to check,,,,,,,,,,,,,,,,,70.0,ERBB2,2064,,,,,,,,<,5.8,,,
493040,103905196,11640926,Inactive,,unknown,,,,,0.0,0.0,0.0,0.0,0.0,0.0,,,need to check,,,,,,,,,,,,,,,,,70.0,ERBB2,2064,,,,,,,,<,5.8,,,
493040,103905238,16219401,Inactive,,unknown,,,,,0.0,0.0,0.0,0.0,0.0,0.0,,,need to check,,,,,,,,,,,,,,,,,70.0,ERBB2,2064,,,,,,,,<,5.8,,,
493040,103904355,16122934,Inactive,,unknown,,,,,0.0,0.0,0.0,0.0,0.0,0.0,,,need to check,,,,,,,,,,,,,,,,,70.0,ERBB2,2064,,,,,,,,<,5.8,,,
493040,103905356,19959069,Inactive,,unknown,,,,,0.0,0.0,0.0,0.0,0.0,0.0,,,need to check,,,,,,,,,,,,,,,,,70.0,ERBB2,2064,,,,,,,,<,5.8,,,
493040,103904484,20744821,Inactive,,unknown,,,,,0.0,0.0,0.0,0.0,0.0,0.0,,,need to check,,,,,,,,,,,,,,,,,70.0,ERBB2,2064,,,,,,,,<,5.8,,,
493040,103904479,20744829,Inactive,,unknown,,,,,0.0,0.0,0.0,0.0,0.0,0.0,,,need to check,,,,,,,,,,,,,,,,,70.0,ERBB2,2064,,,,,,,,<,5.8,,,
493040,103904468,20744853,Inactive,,unknown,,,,,0.0,0.0,0.0,0.0,0.0,0.0,,,need to check,,,,,,,,,,,,,,,,,70.0,ERBB2,2064,,,,,,,,<,5.8,,,
493040,103905215,21060786,Inactive,,unknown,,,,,0.0,0.0,0.0,0.0,0.0,0.0,,,need to check,,,,,,,,,,,,,,,,,70.0,ERBB2,2064,,,,,,,,<,5.8,,,
493040,103905084,15745966,Inactive,,unknown,,,,,0.0,0.0,0.0,0.0,0.0,0.0,,,need to check,,,,,,,,,,,,,,,,,70.0,ERBB2,2064,,,,,,,,<,5.8,,,
493040,103905608,21874004,Inactive,,unknown,,,,,0.0,0.0,0.0,0.0,0.0,0.0,,,need to check,,,,,,,,,,,,,,,,,70.0,ERBB2,2064,,,,,,,,<,5.8,,,
493040,103905674,16095342,Inactive,,unknown,,,,,0.0,0.0,0.0,0.0,0.0,0.0,,,need to check,,,,,,,,,,,,,,,,,70.0,ERBB2,2064,,,,,,,,<,5.8,,,
493040,103905455,16730109,Inactive,,unknown,,,,,0.0,0.0,0.0,0.0,0.0,0.0,,,need to check,,,,,,,,,,,,,,,,,70.0,ERBB2,2064,,,,,,,,<,5.8,,,
493040,103904762,16050453,Inactive,,unknown,,,,,0.0,0.0,0.0,0.0,0.0,0.0,,,need to check,,,,,,,,,,,,,,,,,70.0,ERBB2,2064,,,,,,,,<,5.8,,,
493040,103904664,17163635,Inactive,,unknown,,,,,0.0,0.0,0.0,0.0,0.0,0.0,,,need to check,,,,,,,,,,,,,,,,,70.0,ERBB2,2064,,,,,,,,<,5.8,,,
493040,103905044,18516214,Inactive,,unknown,,,,,0.0,0.0,0.0,0.0,0.0,0.0,,,need to check,,,,,,,,,,,,,,,,,70.0,ERBB2,2064,,,,,,,,<,5.8,,,
493040,103905219,15941392,Inactive,,unknown,,,,,0.0,0.0,0.0,0.0,0.0,0.0,,,need to check,,,,,,,,,,,,,,,,,70.0,ERBB2,2064,,,,,,,,<,5.8,,,
493040,103904281,18451223,Inactive,,unknown,,,,,0.0,0.0,0.0,0.0,0.0,0.0,,,need to check,,,,,,,,,,,,,,,,,70.0,ERBB2,2064,,,,,,,,<,5.8,,,
493040,103904307,18451208,Inactive,,unknown,,,,,0.0,0.0,0.0,0.0,0.0,0.0,,,need to check,,,,,,,,,,,,,,,,,70.0,ERBB2,2064,,,,,,,,<,5.8,,,
493040,103904285,18451199,Inactive,,unknown,,,,,0.0,0.0,0.0,0.0,0.0,0.0,,,need to check,,,,,,,,,,,,,,,,,70.0,ERBB2,2064,,,,,,,,<,5.8,,,
493040,103904286,18451197,Inactive,,unknown,,,,,0.0,0.0,0.0,0.0,0.0,0.0,,,need to check,,,,,,,,,,,,,,,,,70.0,ERBB2,2064,,,,,,,,<,5.8,,,
493040,103904280,18451176,Inactive,,unknown,,,,,0.0,0.0,0.0,0.0,0.0,0.0,,,need to check,,,,,,,,,,,,,,,,,70.0,ERBB2,2064,,,,,,,,<,5.8,,,
493040,103905041,18516349,Inactive,,unknown,,,,,0.0,0.0,0.0,0.0,0.0,0.0,,,need to check,,,,,,,,,,,,,,,,,70.0,ERBB2,2064,,,,,,,,<,5.8,,,
493040,103904727,19934548,Inactive,,unknown,,,,,0.0,0.0,0.0,0.0,0.0,0.0,,,need to check,,,,,,,,,,,,,,,,,70.0,ERBB2,2064,,,,,,,,<,5.8,,,
493040,103904300,18451149,Inactive,,unknown,,,,,0.0,0.0,0.0,0.0,0.0,0.0,,,need to check,,,,,,,,,,,,,,,,,70.0,ERBB2,2064,,,,,,,,<,5.8,,,
493040,103904303,18451141,Inactive,,unknown,,,,,0.0,0.0,0.0,0.0,0.0,0.0,,,need to check,,,,,,,,,,,,,,,,,70.0,ERBB2,2064,,,,,,,,<,5.8,,,
493040,103904302,18451135,Inactive,,unknown,,,,,0.0,0.0,0.0,0.0,0.0,0.0,,,need to check,,,,,,,,,,,,,,,,,70.0,ERBB2,2064,,,,,,,,<,5.8,,,
493040,103904308,18451073,Inactive,,unknown,,,,,0.0,0.0,0.0,0.0,0.0,0.0,,,need to check,,,,,,,,,,,,,,,,,70.0,ERBB2,2064,,,,,,,,<,5.8,,,
493040,103904304,18450918,Inactive,,unknown,,,,,0.0,0.0,0.0,0.0,0.0,0.0,,,need to check,,,,,,,,,,,,,,,,,70.0,ERBB2,2064,,,,,,,,<,5.8,,,
493040,103904321,18450667,Inactive,,unknown,,,,,0.0,0.0,0.0,0.0,0.0,0.0,,,need to check,,,,,,,,,,,,,,,,,70.0,ERBB2,2064,,,,,,,,<,5.8,,,
493040,103904359,18450541,Inactive,,unknown,,,,,0.0,0.0,0.0,0.0,0.0,0.0,,,need to check,,,,,,,,,,,,,,,,,70.0,ERBB2,2064,,,,,,,,<,5.8,,,
493040,103905370,18516203,Inactive,,unknown,,,,,0.0,0.0,0.0,0.0,0.0,0.0,,,need to check,,,,,,,,,,,,,,,,,70.0,ERBB2,2064,,,,,,,,<,5.8,,,
493040,103904761,16050452,Inactive,,unknown,,,,,0.0,0.0,0.0,0.0,0.0,0.0,,,need to check,,,,,,,,,,,,,,,,,70.0,ERBB2,2064,,,,,,,,<,5.8,,,
493040,103904779,16050450,Inactive,,unknown,,,,,0.0,0.0,0.0,0.0,0.0,0.0,,,need to check,,,,,,,,,,,,,,,,,70.0,ERBB2,2064,,,,,,,,<,5.8,,,
493040,103904760,16050449,Inactive,,unknown,,,,,0.0,0.0,0.0,0.0,0.0,0.0,,,need to check,,,,,,,,,,,,,,,,,70.0,ERBB2,2064,,,,,,,,<,5.8,,,
493040,103905580,13452859,Inactive,,unknown,,,,,0.0,0.0,0.0,0.0,0.0,0.0,,,need to check,,,,,,,,,,,,,,,,,70.0,ERBB2,2064,,,,,,,,<,4.8,,,
493040,103905684,11713159,Inactive,,unknown,,,,,0.0,0.0,0.0,0.0,0.0,0.0,,,need to check,,,,,,,,,,,,,,,,,70.0,ERBB2,2064,,,,,,,,<,5.8,,,
493040,103905667,13084523,Inactive,,unknown,,,,,0.0,0.0,0.0,0.0,0.0,0.0,,,need to check,,,,,,,,,,,,,,,,,70.0,ERBB2,2064,,,,,,,,<,5.8,,,
493040,103904597,11712649,Inactive,,unknown,,,,,0.0,0.0,0.0,0.0,0.0,0.0,,,need to check,,,,,,,,,,,,,,,,,70.0,ERBB2,2064,,,,,,,,<,5.8,,,
493040,103905414,11993789,Inactive,,unknown,,,,,0.0,0.0,0.0,0.0,0.0,0.0,,,need to check,,,,,,,,,,,,,,,,,70.0,ERBB2,2064,,,,,,,,<,5.8,,,
493040,103904965,11992146,Inactive,,unknown,,,,,0.0,0.0,0.0,0.0,0.0,0.0,,,need to check,,,,,,,,,,,,,,,,,70.0,ERBB2,2064,,,,,,,,<,5.8,,,
493040,103904342,11710853,Inactive,,unknown,,,,,0.0,0.0,0.0,0.0,0.0,0.0,,,need to check,,,,,,,,,,,,,,,,,70.0,ERBB2,2064,,,,,,,,<,5.8,,,
493040,103905007,11950170,Inactive,,unknown,,,,,0.0,0.0,0.0,0.0,0.0,0.0,,,need to check,,,,,,,,,,,,,,,,,70.0,ERBB2,2064,,,,,,,,<,5.8,,,
493040,103904338,11710853,Inactive,,unknown,,,,,0.0,0.0,0.0,0.0,0.0,0.0,,,need to check,,,,,,,,,,,,,,,,,70.0,ERBB2,2064,,,,,,,,<,5.8,,,
493040,103905081,11987888,Inactive,,unknown,,,,,0.0,0.0,0.0,0.0,0.0,0.0,,,need to check,,,,,,,,,,,,,,,,,70.0,ERBB2,2064,,,,,,,,<,5.8,,,
493040,103904278,21907506,Inactive,,unknown,,,,,0.0,0.0,0.0,0.0,0.0,0.0,,,need to check,,,,,,,,,,,,,,,,,70.0,ERBB2,2064,,,,,,,,<,5.8,,,
493040,103904366,11676233,Inactive,,unknown,,,,,0.0,0.0,0.0,0.0,0.0,0.0,,,need to check,,,,,,,,,,,,,,,,,70.0,ERBB2,2064,,,,,,,,<,5.8,,,
493040,103905420,22282869,Inactive,,unknown,,,,,0.0,0.0,0.0,0.0,0.0,0.0,,,need to check,,,,,,,,,,,,,,,,,70.0,ERBB2,2064,,,,,,,,<,5.8,,,
493040,103905485,22402079,Inactive,,unknown,,,,,0.0,0.0,0.0,0.0,0.0,0.0,,,need to check,,,,,,,,,,,,,,,,,70.0,ERBB2,2064,,,,,,,,<,4.8,,,
493040,103905650,22413670,Inactive,,unknown,,,,,0.0,0.0,0.0,0.0,0.0,0.0,,,need to check,,,,,,,,,,,,,,,,,70.0,ERBB2,2064,,,,,,,,<,5.8,,,
493040,103904450,14983992,Inactive,,unknown,,,,,0.0,0.0,0.0,0.0,0.0,0.0,,,need to check,,,,,,,,,,,,,,,,,70.0,ERBB2,2064,,,,,,,,<,5.8,,,
493040,103905550,15314616,Inactive,,unknown,,,,,0.0,0.0,0.0,0.0,0.0,0.0,,,need to check,,,,,,,,,,,,,,,,,70.0,ERBB2,2064,,,,,,,,<,5.8,,,
493040,103905167,11715767,Inactive,,unknown,,,,,0.0,0.0,0.0,0.0,0.0,0.0,,,need to check,,,,,,,,,,,,,,,,,70.0,ERBB2,2064,,,,,,,,<,5.8,,,
493040,103904346,16043242,Inactive,,unknown,,,,,0.0,0.0,0.0,0.0,0.0,0.0,,,need to check,,,,,,,,,,,,,,,,,70.0,ERBB2,2064,,,,,,,,<,5.8,,,
493040,103905345,16007391,Inactive,,unknown,,,,,0.0,0.0,0.0,0.0,0.0,0.0,,,need to check,,,,,,,,,,,,,,,,,70.0,ERBB2,2064,,,,,,,,<,5.8,,,
493040,103905002,16007116,Inactive,,unknown,,,,,0.0,0.0,0.0,0.0,0.0,0.0,,,need to check,,,,,,,,,,,,,,,,,70.0,ERBB2,2064,,,,,,,,<,5.8,,,
493040,103905636,15986273,Inactive,,unknown,,,,,0.0,0.0,0.0,0.0,0.0,0.0,,,need to check,,,,,,,,,,,,,,,,,70.0,ERBB2,2064,,,,,,,,<,5.8,,,
493040,103904335,11856204,Inactive,,unknown,,,,,0.0,0.0,0.0,0.0,0.0,0.0,,,need to check,,,,,,,,,,,,,,,,,70.0,ERBB2,2064,,,,,,,,<,5.8,,,
493040,103904794,11846126,Inactive,,unknown,,,,,0.0,0.0,0.0,0.0,0.0,0.0,,,need to check,,,,,,,,,,,,,,,,,70.0,ERBB2,2064,,,,,,,,<,5.8,,,
493040,103905185,11846125,Inactive,,unknown,,,,,0.0,0.0,0.0,0.0,0.0,0.0,,,need to check,,,,,,,,,,,,,,,,,70.0,ERBB2,2064,,,,,,,,<,5.8,,,
493040,103904778,15981404,Inactive,,unknown,,,,,0.0,0.0,0.0,0.0,0.0,0.0,,,need to check,,,,,,,,,,,,,,,,,70.0,ERBB2,2064,,,,,,,,<,5.8,,,
493040,103905168,15745956,Inactive,,unknown,,,,,0.0,0.0,0.0,0.0,0.0,0.0,,,need to check,,,,,,,,,,,,,,,,,70.0,ERBB2,2064,,,,,,,,<,5.8,,,
493040,103904295,18451374,Inactive,,unknown,,,,,0.0,0.0,0.0,0.0,0.0,0.0,,,need to check,,,,,,,,,,,,,,,,,70.0,ERBB2,2064,,,,,,,,<,5.8,,,
493040,103904347,18451372,Inactive,,unknown,,,,,0.0,0.0,0.0,0.0,0.0,0.0,,,need to check,,,,,,,,,,,,,,,,,70.0,ERBB2,2064,,,,,,,,<,5.8,,,
493040,103905153,11784520,Inactive,,unknown,,,,,0.0,0.0,0.0,0.0,0.0,0.0,,,need to check,,,,,,,,,,,,,,,,,70.0,ERBB2,2064,,,,,,,,<,5.8,,,
493040,103904362,18451366,Inactive,,unknown,,,,,0.0,0.0,0.0,0.0,0.0,0.0,,,need to check,,,,,,,,,,,,,,,,,70.0,ERBB2,2064,,,,,,,,<,5.8,,,
493040,103904327,18451363,Inactive,,unknown,,,,,0.0,0.0,0.0,0.0,0.0,0.0,,,need to check,,,,,,,,,,,,,,,,,70.0,ERBB2,2064,,,,,,,,<,5.8,,,
493040,103905191,11846124,Inactive,,unknown,,,,,0.0,0.0,0.0,0.0,0.0,0.0,,,need to check,,,,,,,,,,,,,,,,,70.0,ERBB2,2064,,,,,,,,<,5.8,,,
493040,103904987,18516237,Inactive,,unknown,,,,,0.0,0.0,0.0,0.0,0.0,0.0,,,need to check,,,,,,,,,,,,,,,,,70.0,ERBB2,2064,,,,,,,,<,5.8,,,
588725,117686865,51003603,Inactive,0.0,unknown,,,,,0.0,0.0,0.0,0.0,0.0,0.0,,,need to check,,,,,,,,,,,,,,105.34,102.79,104.06,13.0,ERBB2,NP_001005862.1,,,,,,,,,,,,
1795646,8034257,5328980,Inactive,,"Compounds with any of Ki, IC50, Kd, or EC50 activity value <= 10uM are labeled as ""Active"".",15.624,IC50,,,15.624,0.0,0.0,0.0,0.0,0.0,,,check,,,,,,,,,15624.0,P04626,BDBM4594,Receptor tyrosine-protein kinase erbB-2,,,,,,,,,,,,,,,,,,,
1795646,8034259,5328982,Inactive,,"Compounds with any of Ki, IC50, Kd, or EC50 activity value <= 10uM are labeled as ""Active"".",91.325,IC50,,,91.325,0.0,0.0,0.0,0.0,0.0,,,check,,,,,,,,,91325.0,P04626,BDBM4596,Receptor tyrosine-protein kinase erbB-2,,,,,,,,,,,,,,,,,,,
1795646,8034263,5328986,Inactive,,"Compounds with any of Ki, IC50, Kd, or EC50 activity value <= 10uM are labeled as ""Active"".",25.71,IC50,,,25.71,0.0,0.0,0.0,0.0,0.0,,,check,,,,,,,,,25710.0,P04626,BDBM4600,Receptor tyrosine-protein kinase erbB-2,,,,,,,,,,,,,,,,,,,
1795646,8034258,5328981,Inactive,,"Compounds with any of Ki, IC50, Kd, or EC50 activity value <= 10uM are labeled as ""Active"".",15.238,IC50,,,15.238,0.0,0.0,0.0,0.0,0.0,,,check,,,,,,,,,15238.0,P04626,BDBM4595,Receptor tyrosine-protein kinase erbB-2,,,,,,,,,,,,,,,,,,,
1795646,8034265,5328988,Inactive,,"Compounds with any of Ki, IC50, Kd, or EC50 activity value <= 10uM are labeled as ""Active"".",21.656999999999996,IC50,,,21.656999999999996,0.0,0.0,0.0,0.0,0.0,,,check,,,,,,,,,21657.0,P04626,BDBM4602,Receptor tyrosine-protein kinase erbB-2,,,,,,,,,,,,,,,,,,,
1797499,386053036,66955051,Inactive,,"Compounds with any of Ki, IC50, Kd, or EC50 activity value <= 10uM are labeled as ""Active"".",10.5,IC50,,,10.5,0.0,0.0,0.0,0.0,0.0,,,check,,,,,,,,,10500.0,P04626,BDBM351311,Receptor tyrosine-protein kinase erbB-2,,,,,,,,,,,,,,,,,,,
1797499,386053259,76614846,Inactive,,"Compounds with any of Ki, IC50, Kd, or EC50 activity value <= 10uM are labeled as ""Active"".",10.5,IC50,,,10.5,0.0,0.0,0.0,0.0,0.0,,,check,,,,,,,,,10500.0,P04626,BDBM351535,Receptor tyrosine-protein kinase erbB-2,,,,,,,,,,,,,,,,,,,
1797499,386053258,69667119,Inactive,,"Compounds with any of Ki, IC50, Kd, or EC50 activity value <= 10uM are labeled as ""Active"".",10.5,IC50,,,10.5,0.0,0.0,0.0,0.0,0.0,,,check,,,,,,,,,10500.0,P04626,BDBM351534,Receptor tyrosine-protein kinase erbB-2,,,,,,,,,,,,,,,,,,,
1797499,386053048,10005056,Inactive,,"Compounds with any of Ki, IC50, Kd, or EC50 activity value <= 10uM are labeled as ""Active"".",10.5,IC50,,,10.5,0.0,0.0,0.0,0.0,0.0,,,check,,,,,,,,,10500.0,P04626,BDBM351323,Receptor tyrosine-protein kinase erbB-2,,,,,,,,,,,,,,,,,,,
1797499,386053034,53630919,Inactive,,"Compounds with any of Ki, IC50, Kd, or EC50 activity value <= 10uM are labeled as ""Active"".",10.5,IC50,,,10.5,0.0,0.0,0.0,0.0,0.0,,,check,,,,,,,,,10500.0,P04626,BDBM351309,Receptor tyrosine-protein kinase erbB-2,,,,,,,,,,,,,,,,,,,
1797499,386053041,53630923,Inactive,,"Compounds with any of Ki, IC50, Kd, or EC50 activity value <= 10uM are labeled as ""Active"".",10.5,IC50,,,10.5,0.0,0.0,0.0,0.0,0.0,,,check,,,,,,,,,10500.0,P04626,BDBM351316,Receptor tyrosine-protein kinase erbB-2,,,,,,,,,,,,,,,,,,,
1797499,386053268,57802624,Inactive,,"Compounds with any of Ki, IC50, Kd, or EC50 activity value <= 10uM are labeled as ""Active"".",10.5,IC50,,,10.5,0.0,0.0,0.0,0.0,0.0,,,check,,,,,,,,,10500.0,P04626,BDBM351544,Receptor tyrosine-protein kinase erbB-2,,,,,,,,,,,,,,,,,,,
1797499,386053267,57802597,Inactive,,"Compounds with any of Ki, IC50, Kd, or EC50 activity value <= 10uM are labeled as ""Active"".",10.5,IC50,,,10.5,0.0,0.0,0.0,0.0,0.0,,,check,,,,,,,,,10500.0,P04626,BDBM351543,Receptor tyrosine-protein kinase erbB-2,,,,,,,,,,,,,,,,,,,
1797499,386053269,57802581,Inactive,,"Compounds with any of Ki, IC50, Kd, or EC50 activity value <= 10uM are labeled as ""Active"".",10.5,IC50,,,10.5,0.0,0.0,0.0,0.0,0.0,,,check,,,,,,,,,10500.0,P04626,BDBM351545,Receptor tyrosine-protein kinase erbB-2,,,,,,,,,,,,,,,,,,,
1797499,386053237,57802564,Inactive,,"Compounds with any of Ki, IC50, Kd, or EC50 activity value <= 10uM are labeled as ""Active"".",10.5,IC50,,,10.5,0.0,0.0,0.0,0.0,0.0,,,check,,,,,,,,,10500.0,P04626,BDBM351513,Receptor tyrosine-protein kinase erbB-2,,,,,,,,,,,,,,,,,,,
1797499,386053058,10390394,Inactive,,"Compounds with any of Ki, IC50, Kd, or EC50 activity value <= 10uM are labeled as ""Active"".",10.5,IC50,,,10.5,0.0,0.0,0.0,0.0,0.0,,,check,,,,,,,,,10500.0,P04626,BDBM351333,Receptor tyrosine-protein kinase erbB-2,,,,,,,,,,,,,,,,,,,
1797499,386053016,10393395,Inactive,,"Compounds with any of Ki, IC50, Kd, or EC50 activity value <= 10uM are labeled as ""Active"".",10.5,IC50,,,10.5,0.0,0.0,0.0,0.0,0.0,,,check,,,,,,,,,10500.0,P04626,BDBM351291,Receptor tyrosine-protein kinase erbB-2,,,,,,,,,,,,,,,,,,,
1797499,386053007,10369818,Inactive,,"Compounds with any of Ki, IC50, Kd, or EC50 activity value <= 10uM are labeled as ""Active"".",10.5,IC50,,,10.5,0.0,0.0,0.0,0.0,0.0,,,check,,,,,,,,,10500.0,P04626,BDBM351282,Receptor tyrosine-protein kinase erbB-2,,,,,,,,,,,,,,,,,,,
1797499,386053056,10347695,Inactive,,"Compounds with any of Ki, IC50, Kd, or EC50 activity value <= 10uM are labeled as ""Active"".",10.5,IC50,,,10.5,0.0,0.0,0.0,0.0,0.0,,,check,,,,,,,,,10500.0,P04626,BDBM351331,Receptor tyrosine-protein kinase erbB-2,,,,,,,,,,,,,,,,,,,
1797499,386053055,10412767,Inactive,,"Compounds with any of Ki, IC50, Kd, or EC50 activity value <= 10uM are labeled as ""Active"".",10.5,IC50,,,10.5,0.0,0.0,0.0,0.0,0.0,,,check,,,,,,,,,10500.0,P04626,BDBM351330,Receptor tyrosine-protein kinase erbB-2,,,,,,,,,,,,,,,,,,,
1797499,386053049,10253661,Inactive,,"Compounds with any of Ki, IC50, Kd, or EC50 activity value <= 10uM are labeled as ""Active"".",10.5,IC50,,,10.5,0.0,0.0,0.0,0.0,0.0,,,check,,,,,,,,,10500.0,P04626,BDBM351324,Receptor tyrosine-protein kinase erbB-2,,,,,,,,,,,,,,,,,,,
1797499,386053044,10436695,Inactive,,"Compounds with any of Ki, IC50, Kd, or EC50 activity value <= 10uM are labeled as ""Active"".",10.5,IC50,,,10.5,0.0,0.0,0.0,0.0,0.0,,,check,,,,,,,,,10500.0,P04626,BDBM351319,Receptor tyrosine-protein kinase erbB-2,,,,,,,,,,,,,,,,,,,
1797499,386045969,57802635,Inactive,,"Compounds with any of Ki, IC50, Kd, or EC50 activity value <= 10uM are labeled as ""Active"".",10.5,IC50,,,10.5,0.0,0.0,0.0,0.0,0.0,,,check,,,,,,,,,10500.0,P04626,BDBM351552,Receptor tyrosine-protein kinase erbB-2,,,,,,,,,,,,,,,,,,,
1797499,386053031,57802793,Inactive,,"Compounds with any of Ki, IC50, Kd, or EC50 activity value <= 10uM are labeled as ""Active"".",10.5,IC50,,,10.5,0.0,0.0,0.0,0.0,0.0,,,check,,,,,,,,,10500.0,P04626,BDBM351306,Receptor tyrosine-protein kinase erbB-2,,,,,,,,,,,,,,,,,,,
1797499,386045972,57802790,Inactive,,"Compounds with any of Ki, IC50, Kd, or EC50 activity value <= 10uM are labeled as ""Active"".",10.5,IC50,,,10.5,0.0,0.0,0.0,0.0,0.0,,,check,,,,,,,,,10500.0,P04626,BDBM351555,Receptor tyrosine-protein kinase erbB-2,,,,,,,,,,,,,,,,,,,
1797499,386053265,57802771,Inactive,,"Compounds with any of Ki, IC50, Kd, or EC50 activity value <= 10uM are labeled as ""Active"".",10.5,IC50,,,10.5,0.0,0.0,0.0,0.0,0.0,,,check,,,,,,,,,10500.0,P04626,BDBM351541,Receptor tyrosine-protein kinase erbB-2,,,,,,,,,,,,,,,,,,,
1797499,386053254,57802760,Inactive,,"Compounds with any of Ki, IC50, Kd, or EC50 activity value <= 10uM are labeled as ""Active"".",10.5,IC50,,,10.5,0.0,0.0,0.0,0.0,0.0,,,check,,,,,,,,,10500.0,P04626,BDBM351530,Receptor tyrosine-protein kinase erbB-2,,,,,,,,,,,,,,,,,,,
1797499,386053262,57802751,Inactive,,"Compounds with any of Ki, IC50, Kd, or EC50 activity value <= 10uM are labeled as ""Active"".",10.5,IC50,,,10.5,0.0,0.0,0.0,0.0,0.0,,,check,,,,,,,,,10500.0,P04626,BDBM351538,Receptor tyrosine-protein kinase erbB-2,,,,,,,,,,,,,,,,,,,
1797499,386053024,58013804,Inactive,,"Compounds with any of Ki, IC50, Kd, or EC50 activity value <= 10uM are labeled as ""Active"".",10.5,IC50,,,10.5,0.0,0.0,0.0,0.0,0.0,,,check,,,,,,,,,10500.0,P04626,BDBM351299,Receptor tyrosine-protein kinase erbB-2,,,,,,,,,,,,,,,,,,,
1797499,386053243,58013772,Inactive,,"Compounds with any of Ki, IC50, Kd, or EC50 activity value <= 10uM are labeled as ""Active"".",10.5,IC50,,,10.5,0.0,0.0,0.0,0.0,0.0,,,check,,,,,,,,,10500.0,P04626,BDBM351519,Receptor tyrosine-protein kinase erbB-2,,,,,,,,,,,,,,,,,,,
1797499,386053255,57802894,Inactive,,"Compounds with any of Ki, IC50, Kd, or EC50 activity value <= 10uM are labeled as ""Active"".",10.5,IC50,,,10.5,0.0,0.0,0.0,0.0,0.0,,,check,,,,,,,,,10500.0,P04626,BDBM351531,Receptor tyrosine-protein kinase erbB-2,,,,,,,,,,,,,,,,,,,
1797499,386053253,57802866,Inactive,,"Compounds with any of Ki, IC50, Kd, or EC50 activity value <= 10uM are labeled as ""Active"".",10.5,IC50,,,10.5,0.0,0.0,0.0,0.0,0.0,,,check,,,,,,,,,10500.0,P04626,BDBM351529,Receptor tyrosine-protein kinase erbB-2,,,,,,,,,,,,,,,,,,,
1797499,386053260,57802859,Inactive,,"Compounds with any of Ki, IC50, Kd, or EC50 activity value <= 10uM are labeled as ""Active"".",10.5,IC50,,,10.5,0.0,0.0,0.0,0.0,0.0,,,check,,,,,,,,,10500.0,P04626,BDBM351536,Receptor tyrosine-protein kinase erbB-2,,,,,,,,,,,,,,,,,,,
1797499,386045970,57802850,Inactive,,"Compounds with any of Ki, IC50, Kd, or EC50 activity value <= 10uM are labeled as ""Active"".",10.5,IC50,,,10.5,0.0,0.0,0.0,0.0,0.0,,,check,,,,,,,,,10500.0,P04626,BDBM351553,Receptor tyrosine-protein kinase erbB-2,,,,,,,,,,,,,,,,,,,
1797499,386053272,57802841,Inactive,,"Compounds with any of Ki, IC50, Kd, or EC50 activity value <= 10uM are labeled as ""Active"".",10.5,IC50,,,10.5,0.0,0.0,0.0,0.0,0.0,,,check,,,,,,,,,10500.0,P04626,BDBM351548,Receptor tyrosine-protein kinase erbB-2,,,,,,,,,,,,,,,,,,,
1797499,386053038,57802690,Inactive,,"Compounds with any of Ki, IC50, Kd, or EC50 activity value <= 10uM are labeled as ""Active"".",10.5,IC50,,,10.5,0.0,0.0,0.0,0.0,0.0,,,check,,,,,,,,,10500.0,P04626,BDBM351313,Receptor tyrosine-protein kinase erbB-2,,,,,,,,,,,,,,,,,,,
1797499,386053033,57802722,Inactive,,"Compounds with any of Ki, IC50, Kd, or EC50 activity value <= 10uM are labeled as ""Active"".",10.5,IC50,,,10.5,0.0,0.0,0.0,0.0,0.0,,,check,,,,,,,,,10500.0,P04626,BDBM351308,Receptor tyrosine-protein kinase erbB-2,,,,,,,,,,,,,,,,,,,
1797499,386053037,57802681,Inactive,,"Compounds with any of Ki, IC50, Kd, or EC50 activity value <= 10uM are labeled as ""Active"".",10.5,IC50,,,10.5,0.0,0.0,0.0,0.0,0.0,,,check,,,,,,,,,10500.0,P04626,BDBM351312,Receptor tyrosine-protein kinase erbB-2,,,,,,,,,,,,,,,,,,,
1797499,386053261,57802675,Inactive,,"Compounds with any of Ki, IC50, Kd, or EC50 activity value <= 10uM are labeled as ""Active"".",10.5,IC50,,,10.5,0.0,0.0,0.0,0.0,0.0,,,check,,,,,,,,,10500.0,P04626,BDBM351537,Receptor tyrosine-protein kinase erbB-2,,,,,,,,,,,,,,,,,,,
1797499,386053266,57802670,Inactive,,"Compounds with any of Ki, IC50, Kd, or EC50 activity value <= 10uM are labeled as ""Active"".",10.5,IC50,,,10.5,0.0,0.0,0.0,0.0,0.0,,,check,,,,,,,,,10500.0,P04626,BDBM351542,Receptor tyrosine-protein kinase erbB-2,,,,,,,,,,,,,,,,,,,
1797499,386053256,57802667,Inactive,,"Compounds with any of Ki, IC50, Kd, or EC50 activity value <= 10uM are labeled as ""Active"".",10.5,IC50,,,10.5,0.0,0.0,0.0,0.0,0.0,,,check,,,,,,,,,10500.0,P04626,BDBM351532,Receptor tyrosine-protein kinase erbB-2,,,,,,,,,,,,,,,,,,,
1797499,386053229,57802665,Inactive,,"Compounds with any of Ki, IC50, Kd, or EC50 activity value <= 10uM are labeled as ""Active"".",10.5,IC50,,,10.5,0.0,0.0,0.0,0.0,0.0,,,check,,,,,,,,,10500.0,P04626,BDBM351505,Receptor tyrosine-protein kinase erbB-2,,,,,,,,,,,,,,,,,,,
1797499,386045971,57802703,Inactive,,"Compounds with any of Ki, IC50, Kd, or EC50 activity value <= 10uM are labeled as ""Active"".",10.5,IC50,,,10.5,0.0,0.0,0.0,0.0,0.0,,,check,,,,,,,,,10500.0,P04626,BDBM351554,Receptor tyrosine-protein kinase erbB-2,,,,,,,,,,,,,,,,,,,
1798244,404342805,135236676,Inactive,,"Compounds with any of Ki, IC50, Kd, or EC50 activity value <= 10uM are labeled as ""Active"".",10.0,IC50,>,,10.0,0.0,0.0,0.0,0.0,0.0,,,check,,,,,,,,,10000.0,P04626,BDBM373719,Receptor tyrosine-protein kinase erbB-2,>,,,,,,,,,,,,,,,,,,
1802325,328082845,118115473,Inactive,,"Compounds with any of Ki, IC50, Kd, or EC50 activity value <= 10uM are labeled as ""Active"".",50.0,IC50,>,,50.0,0.0,0.0,0.0,0.0,0.0,,,check,,,,,,,,,50000.0,P04626,BDBM209866,Receptor tyrosine-protein kinase erbB-2,>,,,,,,,,,,,,,,,,,,
1803399,341104396,76900441,Inactive,,"Compounds with any of Ki, IC50, Kd, or EC50 activity value <= 10uM are labeled as ""Active"".",98.77,IC50,,,98.77,0.0,0.0,0.0,0.0,0.0,,,check,,,,,,,,,98770.0,P04626,BDBM246609,Receptor tyrosine-protein kinase erbB-2,,,,,,,,,,,,,,,,,,,
1804579,104050874,11281786,Inactive,,"Compounds with any of Ki, IC50, Kd, or EC50 activity value <= 10uM are labeled as ""Active"".",58.3,IC50,,,58.3,0.0,0.0,0.0,0.0,0.0,,,check,,,,,,,,,58300.0,P04626,BDBM50165313,Receptor tyrosine-protein kinase erbB-2,,,,,,,,,,,,,,,,,,,
1804579,104050876,11223683,Inactive,,"Compounds with any of Ki, IC50, Kd, or EC50 activity value <= 10uM are labeled as ""Active"".",58.0,IC50,,,58.0,0.0,0.0,0.0,0.0,0.0,,,check,,,,,,,,,58000.0,P04626,BDBM50165315,Receptor tyrosine-protein kinase erbB-2,,,,,,,,,,,,,,,,,,,
1804579,104065406,11568559,Inactive,,"Compounds with any of Ki, IC50, Kd, or EC50 activity value <= 10uM are labeled as ""Active"".",50.0,IC50,>,,50.0,0.0,0.0,0.0,0.0,0.0,,,check,,,,,,,,,50000.0,P04626,BDBM50180304,Receptor tyrosine-protein kinase erbB-2,>,,,,,,,,,,,,,,,,,,
1804579,440826829,11302426,Inactive,,"Compounds with any of Ki, IC50, Kd, or EC50 activity value <= 10uM are labeled as ""Active"".",47.8,IC50,,,47.8,0.0,0.0,0.0,0.0,0.0,,,check,,,,,,,,,47800.0,P04626,BDBM450875,Receptor tyrosine-protein kinase erbB-2,,,,,,,,,,,,,,,,,,,
1804579,104065405,11598450,Inactive,,"Compounds with any of Ki, IC50, Kd, or EC50 activity value <= 10uM are labeled as ""Active"".",50.0,IC50,>,,50.0,0.0,0.0,0.0,0.0,0.0,,,check,,,,,,,,,50000.0,P04626,BDBM50180303,Receptor tyrosine-protein kinase erbB-2,>,,,,,,,,,,,,,,,,,,
1804579,104065411,11704110,Inactive,,"Compounds with any of Ki, IC50, Kd, or EC50 activity value <= 10uM are labeled as ""Active"".",30.0,IC50,,,30.0,0.0,0.0,0.0,0.0,0.0,,,check,,,,,,,,,30000.0,P04626,BDBM50180309,Receptor tyrosine-protein kinase erbB-2,,,,,,,,,,,,,,,,,,,
1805507,447113387,135156994,Inactive,,"Compounds with any of Ki, IC50, Kd, or EC50 activity value <= 10uM are labeled as ""Active"".",30.0,IC50,>,,30.0,0.0,0.0,0.0,0.0,0.0,,,check,,,,,,,,,30000.0,P04626,BDBM494928,Receptor tyrosine-protein kinase erbB-2,>,,,,,,,,,,,,,,,,,,
1805507,447113381,156905956,Inactive,,"Compounds with any of Ki, IC50, Kd, or EC50 activity value <= 10uM are labeled as ""Active"".",30.0,IC50,>,,30.0,0.0,0.0,0.0,0.0,0.0,,,check,,,,,,,,,30000.0,P04626,BDBM494922,Receptor tyrosine-protein kinase erbB-2,>,,,,,,,,,,,,,,,,,,
1805507,447113338,156905950,Inactive,,"Compounds with any of Ki, IC50, Kd, or EC50 activity value <= 10uM are labeled as ""Active"".",30.0,IC50,>,,30.0,0.0,0.0,0.0,0.0,0.0,,,check,,,,,,,,,30000.0,P04626,BDBM494879,Receptor tyrosine-protein kinase erbB-2,>,,,,,,,,,,,,,,,,,,
1805507,447113383,156905957,Inactive,,"Compounds with any of Ki, IC50, Kd, or EC50 activity value <= 10uM are labeled as ""Active"".",19.0,IC50,,,19.0,0.0,0.0,0.0,0.0,0.0,,,check,,,,,,,,,19000.0,P04626,BDBM494924,Receptor tyrosine-protein kinase erbB-2,,,,,,,,,,,,,,,,,,,
1805507,447113390,156905960,Inactive,,"Compounds with any of Ki, IC50, Kd, or EC50 activity value <= 10uM are labeled as ""Active"".",30.0,IC50,>,,30.0,0.0,0.0,0.0,0.0,0.0,,,check,,,,,,,,,30000.0,P04626,BDBM494931,Receptor tyrosine-protein kinase erbB-2,>,,,,,,,,,,,,,,,,,,
1805507,447113387,135156994,Inactive,,"Compounds with any of Ki, IC50, Kd, or EC50 activity value <= 10uM are labeled as ""Active"".",19.0,IC50,,,19.0,0.0,0.0,0.0,0.0,0.0,,,check,,,,,,,,,19000.0,P04626,BDBM494928,Receptor tyrosine-protein kinase erbB-2,,,,,,,,,,,,,,,,,,,
1805507,447113388,135157112,Inactive,,"Compounds with any of Ki, IC50, Kd, or EC50 activity value <= 10uM are labeled as ""Active"".",30.0,IC50,>,,30.0,0.0,0.0,0.0,0.0,0.0,,,check,,,,,,,,,30000.0,P04626,BDBM494929,Receptor tyrosine-protein kinase erbB-2,>,,,,,,,,,,,,,,,,,,
1805507,447113388,135157112,Inactive,,"Compounds with any of Ki, IC50, Kd, or EC50 activity value <= 10uM are labeled as ""Active"".",13.0,IC50,,,13.0,0.0,0.0,0.0,0.0,0.0,,,check,,,,,,,,,13000.0,P04626,BDBM494929,Receptor tyrosine-protein kinase erbB-2,,,,,,,,,,,,,,,,,,,
1805507,447113382,135157199,Inactive,,"Compounds with any of Ki, IC50, Kd, or EC50 activity value <= 10uM are labeled as ""Active"".",11.0,IC50,,,11.0,0.0,0.0,0.0,0.0,0.0,,,check,,,,,,,,,11000.0,P04626,BDBM494923,Receptor tyrosine-protein kinase erbB-2,,,,,,,,,,,,,,,,,,,
1806610,471698541,155242975,Inactive,,"Compounds with any of Ki, IC50, Kd, or EC50 activity value <= 10uM are labeled as ""Active"".",22.0,IC50,,,22.0,0.0,0.0,0.0,0.0,0.0,,,check,,,,,,,,,22000.0,P04626,BDBM557879,"Receptor tyrosine-protein kinase erbB-2 [1-775,'YVMA',776-1255]",,,,,,,,,,,,,,,,,,,
1806610,471698526,155243046,Inactive,,"Compounds with any of Ki, IC50, Kd, or EC50 activity value <= 10uM are labeled as ""Active"".",12.0,IC50,,,12.0,0.0,0.0,0.0,0.0,0.0,,,check,,,,,,,,,12000.0,P04626,BDBM557864,"Receptor tyrosine-protein kinase erbB-2 [1-775,'YVMA',776-1255]",,,,,,,,,,,,,,,,,,,
